emotion_category,has_price,has_info_gap,content_length,photo_quality_score,structured_content_flag,caption_text,image_count,tags,restaurant_name,cuisine_type,restaurant_popularity,novelty_score,raw_price,post_datetime,follower_count,like_count,save_count,comment_count,link,price_avg,price_level,content_length_bucket,engagement_score,is_high_engagement,like_rate,save_rate,comment_rate,weekday,is_weekend,image_count_bucket,image_density
Hybrid,1,0,440,2,1,"近期深夜食堂风好大！因为他家开到很晚，所以之前健身完和朋友们总爱去吃宵夜。感觉很适合冬天晚上去吃❄️ 吃完全身热乎乎地出门然后在冷风中哈气。实话分享一下喜欢的items ✨✨✨推✨荐✨✨✨ ♨️日式茶蒸碗（7.99） 超级喜欢这个蒸蛋，铺满海鲜，之前朋友马老师点过一次以后我每次去都会点。砂锅碗装真的很适合冬天吃，吃完整个人都很酥服😭 ♨️碳烤生蚝（14.99） 每份6个，很大一只。超级香🥰而且很干净，我没有一次吃到沙子。一定要挤柠檬汁‼️ ♨️碳烤三文鱼（15.99） 喜欢吃日式照烧酱和焦香三文鱼的朋友赶紧冲，我朋友很喜欢那个酱，三文鱼肉干香，喜欢三文鱼皮。 ♨️鱼子三文鱼饭（13.99） 一定要搅拌！三文鱼拌饭超级香。不过米饭对我来说有点太多了建议要个小碗再mix。 ♨️日式拉面 我很爱喝【海鲜乌冬面】和【柚子鸡拉面】的汤🍜 也喜欢【黑豚骨拉面】+玉米粒！ 一定要➕溏心蛋🥹听我的！一定是拉面里面加！我真的很喜欢流心口感。加饭里会老一点点。 ♨️冰淇淋鲷鱼烧（5.99） 我觉得单吃鲷鱼烧会觉得有点油，但是搭配冰淇淋omg so good🤩 一点也不腻了就 📍：3240 S Halsted St, Chicago, IL 60608 ⏰：5pm-1.30am（周二不🈺️）",13,#100家探店计划 #笔记灵感 #芝加哥美食 #芝加哥探店 #芝加哥生活 #笔记灵感 #芝加哥 #芝加哥玩乐 #周末探店 #留学美国,Momotaro,Japanese,2,1,"7.99,14.99,15.99,13.99,5.99",2023-10-29,1287,412,402,28,芝加哥｜大火的深夜食堂究竟咋样🥵 - 小红书,11.790000000000001,low,long,0.6542346542346542,True,0.3201243201243201,0.3123543123543124,0.021756021756021756,Sunday,True,large,0.029545454545454545
Hybrid,0,0,707,2,1,"就在芝加哥中国城步行街！真的是既好吃！又好看！吃完隔壁湘菜过来消食，下次还想下午过来get个美味下午茶！天气渐渐冷了也特好这一口，而且绵绵香香的酸奶冬天吃根本不会被冰到！ 🍧 酸奶文创雪糕真的太卷了！这波文化输出真的赢麻了！雪糕好漂亮好漂亮，酸奶味很重很好吃。黄色这个好像是芒果味的，粉色的酸酸甜甜中又透着一股清新的花香味（我超喜欢这个）而且不是雪糕刺客！ 🌾 经典紫米酸奶 感觉他家酸奶饮品很适合饭后，不会耽误主餐。酸奶偏稀，酸奶偏酸甜口（喝“菊乐”长大的孩子很喜欢），感觉大概和之前在重庆喝“一只酸奶牛”的差不多，更像是在喝粘稠一点的酸奶饮料，紫米应该是沥水了很有嚼劲儿。 🥑 牛油果酸奶 很丝滑的口感，牛油果的醇香味很重，牛油果爱好者天菜！果然大杯比小杯喝起来更爽😋 🍍 波罗蜜夹夹 五个都好大只，两口吃不完一个，酸奶包比另一家包的多好多。波罗蜜贼新鲜，用的冷萃的酸奶吃起来口感很厚重，会更突出奶的香醇味，上面撒了茉莉花。没吃完打包带回家当早饭也够顶饱一上午！不知道怎么会有这种idea🥹吃之前冲颜值，吃之后喜欢上了。 🥐 酸奶水果可颂 又是冲着颜值买的一样！和闺蜜怕胖给店员说如果要加糖之类的调味都不要加（可能原本也没有）。收到的是干净的可颂+纯水果香甜，减脂人表示喜欢！放料好舍得啊这个搭配也是好绝，好扎实一大个。 然后！他家还有自己品牌的螺蛳粉！闺蜜看了配料表都很干净，没忍住买了一袋带走，回家给我分享说香麻了，下次俺再去唐人街。 装修蓝色为主，好多好多便签，还有朋友留的漂亮可爱画，感觉是个暖暖的有爱的小店。 总体来说，口感颜值都在线！适合打卡、早餐、饭后甜点或和朋友聚会下午茶～ 🌟大颖酸奶Big Ying yogurt 📍2121 S China Pl unit b, Chicago, IL 60616",7,#芝加哥美食 #芝加哥 #笔记灵感 #留学美国 @薯队长 @吃货薯 @日常薯 @薯条小助手 #芝加哥吃喝玩乐 #芝加哥旅游 #芝加哥探店 #吃下这一口烟火气 @饭团外卖 #团仔带你吃喝玩乐,Big Ying Yogurt ,Chinese,1,3,nan,2024-11-17,1287,253,184,25,卧😧芝加哥文创已经next level了…豪痴‼️ - 小红书,,,long,0.358974358974359,False,0.19658119658119658,0.14296814296814297,0.019425019425019424,Sunday,True,medium,0.009900990099009901
Hybrid,0,0,546,2,1,这家超级有名的brunch店排队要超级久，去的时候排队至少有100米…点外卖带走就不需要在店里排队啦～那么漂亮的一盒，谁敢说自己不是外貌协会！. 🥥Matcha Pandan Éclair 大家都在卖三种酥皮塔和truffle croissant🥐但这支eclair简直是宝藏单品！奶油层的幼滑轻盈与泡芙的酥脆香甜形成鲜明对比。焦糖在曲奇表层烘烤出脆壳，泡芙体表面干爽内部湿润，是完美的大空心。内陷咖椰酱混合脆米，焦香十足，斑斓味伴随其中，尾调咖啡味悠长。 🥐层层叠叠的酥皮，亮晶晶的表层，拿在手里异常轻盈。吃着干爽薄脆，内部湿润，带点嚼劲。 🥓 Ham & Cheese Danish 薄薄的火腿入口，待肌间脂肪缓缓融化，澎湃的鲜美肉香、馥郁饱满的橡木果香交融，近似奶酪的焦糖甜香，质地丰腴软嫩如黄油，嚼感又微微弹嫩。Raclette芝士更是激发了火腿中鲜美肉汁，唾液疯狂分泌，脑中只有“鲜美”二字。 🫐 Foie Gras Danish 多莓果酱，开心果酱甜美双重buff，绸缎般的鹅肝酱细腻丝滑，轻轻附在上面。一口咬下，四重口感丰富又融合，柔软包裹酥脆，油润融进香甜，以树莓明媚果酸收尾，像大餐一顿后的解腻果汁，更是让人停不下来。 🐟 Salmon Danish 奶油奶酪质地轻盈细腻，裹着细碎香料小葱，带着甜甜奶香，恰到好处的柠檬酸解腻提味。油浸三文鱼细腻鲜嫩，烟熏三文鱼籽弹牙爆汁。不是什么新颖的设计，却越是能展现米一功底。 . 虽然但是…忍不住说，就鹅肝这款甩了Basdban几条街…（个人口味偏好，仅供参考） ,9,#日常 #日常生活里的快乐瞬间 #COTD咖啡探店 #芝加哥探店 #米其林 #米其林餐厅探店 #吃了甜食会开心 #奶油泡芙 #泡芙 #芝加哥 #芝加哥美食 #芝加哥留学 #民间食评人大赛 #美食荒漠中的人间美味 @吃货薯,Kasama,Filipino,3,3,nan,2024-05-07,5125,1419,1665,45,芝加哥｜不排队吃上米其林🥐 - 小红书,,,long,0.6105365853658536,False,0.27687804878048783,0.3248780487804878,0.00878048780487805,Tuesday,False,medium,0.016483516483516484
Guide,0,1,447,2,1,"手机里存了很久的居酒屋，一直很馋他们的生鱼饭和烤物，今天赶巧跟朋友一起来吃了。整体来说海产新鲜，烤物都挺在线，闭眼点没雷。听说主厨原来在momotaro和sushi-san都工作过，调味啥的没什么可挑的，但也不算很特别或是惊艳。平时吃吃还蛮不错。 ⭐️⭐️⭐️⭐️⭐️toro tartar甜虾扇贝饭 今天的special，比全血版本少了海胆，不过味道还是很棒的。食材很新鲜，口感很好，上面可选盖生鹌鹑蛋或者鸡蛋，可以根据想要蛋黄多少来选择。米粒粒分明，但很润，寿司米酸甜味淡淡的刚好。 ⭐️⭐️⭐️炸物 饺子和鱿鱼须都中规中矩，无功无过。鱿鱼须要是有个酱会更好，白嘴吃有点没滋味，不够润。 🍖烤物 - ⭐️⭐️⭐️⭐️鸡皮Kawa：像是炸的不像是烤的。不过确实够干够脆，鸡油都排出去了，好吃不腻。 - ⭐️⭐️⭐️⭐️⭐️鸡胗Sunagimo：好吃、入味、够脆 - ⭐️⭐️⭐️鸡腿Negima：很juicy，不过调味很淡也没太入味 - ⭐️⭐️⭐️⭐️⭐️Shishito：小辣椒一点不辣，好吃有味、满口清香、停不下来 ⭐️⭐️⭐️⭐️⭐️Unagidon 感觉有早年momotaro鳗鱼饭的神韵诶。酱汁没有过甜，配的腌黄瓜非常好地平衡了鳗鱼的厚重。上面撒的一点spice让味道又丰富了一些。挺有意思的，好吃 🍺另外他家深水炸弹好喝。柚子味的甜甜的很清爽，推荐 📍Ikigai Sushi & Izakaya 372 W Chicago Ave, Chicago, IL 60654",6,#美食荒漠中的人间美味 #真香猎奇美味 #芝加哥 #芝加哥生活 #芝加哥美食 #芝加哥大学 #芝加哥探店 #芝加哥玩乐 #芝加哥周边 #芝加哥旅游 #芝加哥留学 #芝加哥美食探店 #美国芝加哥 #美国生活 #探店 #周末探店 #美食探店 #跟我来探店 #美食 #美食日常 #我的美食日记,Ikigai Sushi &Izakaya,Japanese,2,1,nan,2024-05-24,159,236,302,4,芝加哥探店｜超棒的居酒屋🏮 - 小红书,,,long,3.408805031446541,True,1.4842767295597483,1.89937106918239,0.025157232704402517,Friday,False,small,0.013422818791946308
Guide,1,0,298,3,1,"我的食堂金牛苑一定要让大家知道！！一直去也很近就在chinatown，他们家的蒜蓉和海鲜实在是太好吃太香了！闭眼点不踩雷！ ✨✨✨✨✨美食推荐😋✨✨✨✨✨ 1️⃣ 大蟹生炒糯米饭 🦀 48🔪 这家的螃蟹糯米饭真的好好吃！分量很大！而且蒸好的糯米饭和螃蟹真的是咸香味大满足！ 2️⃣ 蒜蓉粉丝蒸扇贝（2个）🐚 18🔪 这扇贝肉很大一个，必点！非常新鲜！ 3️⃣ 蒜蓉粉丝蒸开背虾🦐 15.95🔪 太香太香，虾很q弹而且虾线是挑掉的，很下饭！ 4️⃣ 小笼包（8个）12.95🔪 这家小笼包真的不错（终于不是大包子了）！皮是中等厚度肉很多！ 5️⃣ 葱爆牛肉🐮 18.95🔪 下饭下饭！有选择恐惧症的想吃肉的无脑冲这个！ 6️⃣ 手撕鸡🐔 16.95 🔪 鸡肉很嫩，调料味道咸度刚刚好～ 7️⃣ 西湖牛肉羹 🍲 14.95🔪 我朋友超喜欢喝，豆腐牛肉量都很大！ 🍽️: 金牛苑 📍: 242 W Cermak Rd, Chicago",10,#留学美国 #芝加哥 #芝加哥生活 #芝加哥美食 #芝加哥探店 #芝加哥玩乐 #粤菜 #芝加哥吃喝玩乐 #芝加哥中餐,Golden Bull Restaurant,Cantonese,3,1,"48,18,15.95,12.95,18.95,16.95,14.95",2024-10-20,14000,282,138,41,在芝加哥的一定要吃这家粤菜！！🦞 - 小红书,20.821428571428573,low,medium,0.032928571428571425,False,0.020142857142857143,0.009857142857142858,0.0029285714285714284,Sunday,True,medium,0.03355704697986577
Hybrid,1,1,172,1,0,周末去芝加哥中国城晃悠，随便瞎摸索居然找到了隐藏款的地下中国城！！超多好吃的简直一秒回国，我真感动到久久不能平复📍Google map：HeungSeng Square 📌具体位置见P9，腾晟广场进门，下到地下一层 💰最正宗的中国菜人均20🔪保你吃到饱！！ 里面有各种经典小吃和中餐：川菜，炸串，海南鸡饭，炸鸡排，绝味鸭脖，牛肉汤，土家酱香饼，奶茶，面食每周可以不重样的吃简直爽翻了！！瞬刻爱上芝加哥了  评论区：正新鸡排不行、巨难吃； 串说者的鱿鱼串避雷！满口化学味； 炳哥川菜辣子鸡里一半是炸薯条，花菜炒腊肉肉只有四片都是肥的。美食地下、老鼠泛滥；就餐环境差强人意。,9,#芝加哥美食 #中国城 #中餐 #小吃街 #探店 #芝加哥 #美食打卡 #隐藏式美食 #必吃 #留学生,Szechuan Bistro,Chinese,2,1,20,2025-02-18,986,203,208,62,芝加哥地下中国城 ｜一秒回国🇨🇳！！ - 小红书,20.0,low,short,0.47971602434077076,False,0.20588235294117646,0.21095334685598377,0.06288032454361055,Tuesday,False,medium,0.05232558139534884
Guide,0,1,250,2,1,"难以置信这家店开了这么久今天才吃上😂简直错过太多。点的菜有点多，篇幅有限只评非常好的的。剩下的看图。
	
⭐️⭐️⭐️⭐️⭐️长沙臭豆腐
这个真的是一秒回国。豆腐炸得超级酥。唯一缺点就是豆腐切得有点厚。如果厚度减半的话就有臭豆腐该有的那种又酥又薄又脆的口感，入味也会更理想。
	
⭐️⭐️⭐️⭐️⭐️干锅腊肉烟笋
这个菜炒得实在是太香了。腊肉切得巨薄，把肥肉里的油都充分煸出来了。整道菜干香可口，吃到最后大家把垫锅底的洋葱都吃了😂
	
⭐️⭐️⭐️⭐️⭐️酱板鸭烧牛蛙
一道68的大菜。店里面强推的。一上桌就喷香四溢。牛蛙新鲜无异味，汤汁巨鲜。但板鸭是真的辣，而且会越煮越辣。出国后就没再体会过的那种辣。
	
⭐️⭐️⭐️⭐️⭐️剁椒鱼头
鱼新鲜，没有草腥味。调味准。无可挑剔。
	
⭐️⭐️⭐️⭐️⭐️清炒空心菜
这道空心菜炒得很见水平。调味和火候都掌握得超好。菜也没有硬杆。全桌一致好评
	
整体来讲这顿饭吃得很满足。6个人点11个菜基本全吃完了。除了个别菜做得有点难评，但是不影响当家的菜做得好，基本能做到国内湘菜馆的水平。而且不知道是不是因为位置的关系，周五晚上6:30居然门口街趴还很多，店里也不满。对于不爱排队不爱凑热闹的人来说是个加分项。
	
📍湘缘Hunan Bistro
2414 S Wentworth Ave, Chicago, IL 60616",12,#芝加哥 #芝加哥生活 #芝加哥美食 #芝加哥大学 #芝加哥探店 #芝加哥玩乐 #芝加哥周边 #芝加哥旅游 #芝加哥留学 #芝加哥美食探店 #美国芝加哥 #美国生活 #探店 #周末探店 #美食探店 #跟我来探店 #美食 #美食日常 #我的美食日记,Hunan Bistro,Chinese ,2,1,nan,2024-04-26,159,235,265,9,芝加哥探店｜一秒回国的湘菜🔥 - 小红书,,,medium,3.20125786163522,True,1.4779874213836477,1.6666666666666667,0.05660377358490566,Friday,False,medium,0.048
Guide,0,1,409,2,1,"店名叫Central East Asian Cuisine 家乡印象 在芝加哥Chinatown 是原来的印象新疆 最近新加了铁锅炖系列 有很多选择：走地鸡榛蘑锅 铁锅炖大鹅 还有新出的牛蹄锅等等 直接把北方冬天❄️那一套搬进了芝加哥 🏅个人Top3️⃣推荐菜： 1️⃣【铁锅炖牛筋牛腩】 上桌的时候会给你一个计时器 大概炖 20 min左右 时间一到 开盖 整口铁锅都在咕嘟咕嘟翻滚 酱香一点点往脸上扑 最后撒一把葱花 就可以开始吃了 牛筋软到黏嘴 牛腩一夹就散 土豆+宽粉+玉米🌽：完全是“汤味本体” 我们还额外加了豆腐和白菜🥬 和这一锅真的超级搭：白菜甜 豆腐嫩———全都在认真吸汤 铁锅真的很深：量大到已经吃撑了 但看起来好像只对它造成了一点皮外伤 打包回家 往里加个西红柿🍅 再丢一块海底捞番茄底料 直接get新菜：番茄炖牛腩 2️⃣【新疆烤包子】 外皮烤至金黄酥脆 一掰开就掉渣 内馅是羊肉香混着洋葱🧅的甜 一口下去直接爆汁！ 属于是每次来的必点 3️⃣【馕炒包菜】 馕被炒到外焦里韧 带一点嚼劲 每一块都裹着锅气！ 包菜清甜爽脆 很清口！ 他家目前也在饭团年度美食必吃榜投票中～ 📍 2353-2355 S Wentworth Ave, Chicago, IL 60616",5,#芝加哥美食 #留学生干饭 #芝加哥生活 #芝加哥旅游 #芝加哥大学 @芝加哥饭团外卖 #留子日常 #团仔带你吃喝玩乐 #芝加哥中餐 #来拍照了 #我的日常,Central East Asia,,2,3,nan,2026-01-20,2743,180,133,8,芝加哥这家铁锅炖 真的太顶了… - 小红书,,,long,0.11702515493984689,False,0.06562158220925994,0.048487057965730954,0.002916514764855997,Tuesday,False,small,0.012224938875305624
Guide,0,1,433,3,1,"第一次吃的午饭没吃到烧鸟 大馋美女直接就是再去吃一个晚饭！没想到最好吃的是一碗乌冬面😭 借鉴@黑麒麟点评 老师们的点评系统 我们打出了一个 8.35 (服务8 环境8.25 味道8.6) 🍜Maze soba 肉臊干乌冬🌟🌟🌟🌟🌟 （忘拍照了可恶啊啊啊） - 心中之最 吃了清新的鱼生之后再吃一口油润的肉臊乌冬面拌上生蛋黄 再加上木鱼花和葱花 嘴巴里面和口水打架！ 🍱Ikura uni don 海胆鱼子金枪鱼饭🌟🌟🌟🌟✨ -豪华的新鲜食材很难不好吃 超级鲜甜 米饭上还有一层海苔粉 层次感拉满 🐟Eel 鳗鱼烧鸟 🌟🌟🌟🌟 - 超新鲜的绵软鳗鱼 一定要趁热吃 酱汁有一点甜 如果不接受的话要避雷 🥩 Tteokgalbi 烤牛肉丸 🌟🌟🌟🌟 - 用牛肋排绞成的长肉丸做的 汁水超级充盈 薄薄的甜口酱汁 但是属于本北方人可以接受的程度 🦐Botan ebi shooter 甜虾鱼籽shot 🌟🌟🌟✨ -甜虾 鲑鱼子 和生鹌鹑蛋的组成 打底的是酸微甜的酱汁 配上新鲜食材超级清爽 就是分量太小了 不介意性价比的值得一试 🐠black cod misoyaki 鳕鱼味增烧 🌟🌟🌟 -吃到了大渔铁板烧的味道！ 🐂Beef tongue 👅 🌟🌟🌟 - 经典牛舌味道 不会出错的选择 💣可以不点的： NEGIMA（京葱鸡肉串）普通味道 TSUKUNE （鸡肉丸串）有点柴没必要 店名：TenGoku Aburiya 651 W Washington Blvd, Chicago, IL 60661",8,#芝加哥 #芝加哥美食 #留学生干饭 #烧鸟 #刺身 #干饭 #日料,TenGoku Aburiya,Japanese,2,1,nan,2026-01-09,48,156,187,5,芝加哥｜ 还有谁没吃过这家日料！ - 小红书,,,long,7.25,True,3.25,3.8958333333333335,0.10416666666666667,Friday,False,medium,0.018475750577367205
Guide,1,0,633,3,1,芝加哥｜周末不睡懒觉排米一🌟Brunch 吃爽了上一次吃Kasama抠抠索索没舍得多点 最后果然没吃爽 这一次生日带爸妈打卡 来都来了 斥巨资4个人花了将近250🔪 主打一个把想吃的全点一遍 ☕️ Drinks ▪️ 黑芝麻拿铁 🌟🌟🌟🌟💫 少糖少冰刚刚好 黑芝麻不算很浓郁 口感细腻不会剌嗓子 ▪️ Ube拿铁 🌟🌟🌟🌟💫 少糖少冰比黑芝麻会甜一点 热饮会比冰饮颜值更高 ▪️ 抹茶拿铁 🌟🌟🌟🌟 不另外加糖喝抹茶本味 中上水平的抹茶拿铁 ▪️ 拿铁 🌟🌟🌟💫 热拿铁最期待的拉花也就那样 咖啡豆微微偏酸 🥐 Pastries ▪️ 黑松露可颂 🌟🌟🌟🌟🌟 公认全场最好吃甜品 口感酥脆 外壳的糖粒+内陷的黑松露奶油 咸甜党的最爱 必点 ▪️ 烟熏三文鱼Danish 🌟🌟🌟🌟🌟 满嘴三文鱼的香味 但完全不会腥 是咸口Danish里面我个人最喜欢的一款 ▪️ 鹅肝酱Danish 🌟🌟🌟🌟 周末限定款 那肯定是要点来给爸妈尝尝的 个人对鹅肝无感所以吃下来觉得这款中规中矩 ▪️ 抹茶斑斓Eclair 🌟🌟🌟🌟💫 季节限定款 为颜值买单 上面的奶油完全不会过甜 淡淡的斑斓香 打包回家第二天才吃 所以口感上会打折扣 ▪️ Ube巴斯克 🌟🌟🌟💫 点单率很高的一款 但个人感觉有点过甜 多吃几口会有点腻 🍛 Dishes ▪️ 上海细春卷 🌟🌟🌟🌟💫 本来没打算点 是听了店员推荐后加点的 没想到出乎意料的还不错 就是太细了两口就吃完了哈哈 ▪️ Pork Belly Adobo 🌟🌟🌟🌟 因为是周末限定所以还是点了 其实就是红烧肉盖饭 肉量感人 味道对于亚洲人来说倒是没有很特别 ▪️ Philipino Breakfast 🌟🌟🌟🌟💫 点了combo 能吃到两种肉 有香肠和叉烧 肉量一般 个人更推荐叉烧肉 香肠味道相比之下比较普通 ▪️ MeatLoaf 🌟🌟🌟🌟🌟 全场最佳主食 两大块肉饼配着浓厚酱汁拌饭 一口接一口 喜欢花生酱或是重口味的的一定要冲 我的最爱 📍Kasama 💰 Brunch人均：$50+ 周末来一定要趁早 最好8点到 不然可能要排上2+小时 如果不想排长队 也可以在网上下单然后自取外带回家吃 ,13, #芝加哥 #芝加哥生活 #芝加哥美食 #芝加哥探店 #芝加哥旅游 #芝加哥Brunch #芝加哥米其林 #米其林一星 #kasama #kasama芝加哥,Kasama,Filipino,3,3,250/4,2025-10-14,1203,167,105,3,芝加哥｜周末不睡懒觉排米一🌟Brunch 吃爽了 - 小红书,62.5,high,long,0.228595178719867,False,0.13881961762261014,0.08728179551122195,0.0024937655860349127,Tuesday,False,large,0.020537124802527645
Hybrid,0,0,430,3,1,下楼遛狗发现Southloop开了一家跟纽约Siam Thai同名的泰餐 一问还真的是纽约开过来的店🥹之前去纽约朋友带我去吃的时候就有被惊艳到 想不到现在开来芝加哥 还就在家楼下 装修的也好漂亮（图10）😍 🐷炙烤猪颈肉Grilled Pork Jowl 每次泰餐必点！！这家的多了炭火香 猪颈肉烤的巨香无比 肥瘦相间完全不会腻 搭配的料汁也很清新😋 🐮牛层塔牛肉 SPICY FILET MIGNON BASIL 我真是九层塔脑袋 这道菜巨下饭 除了basil的香气 里面还有bell pepper和小米辣🌶️配上小牛肉一吃一个不吱声 🦀西柚辣蟹肉沙拉SPICY POMELO CRAB SALAD 非常神奇的口感 西柚锅里超大颗 一口下去会在嘴巴里面爆汁 配上蟹肉酸甜鲜混在一起真的非常泰国了 之前从来没尝过这种搭配 属实是在猎奇捏🤪 🍍菠萝炒饭 Pineapple Fried Rice 炒饭锅气满满 端上桌的时候是放在一个大菠萝里面好好拍 黑虎虾也超大只 这个分量太大根本吃不完 带回家可以当下酒小夜宵🍻 🐔Beef Pad Kee Mao 也还不错 因为点了九层塔牛肉 我们就把牛肉换成了鸡 但是感觉还是牛肉的好吃 这家thai tea超好喝！！里面的冰不是冰块 而是小碎冰 好喝到是我路过会外带一杯的程度 目前还在试营业就被我发现了 下周不知道吃什么的时候有食堂噜,10,#芝加哥泰餐 #siamthai #芝加哥美食 #芝加哥探店 #芝加哥生活 #芝加哥周末 #美国留学 #记录吧就现在,Siam Thai,Thailand,2,1,nan,2025-03-02,31000,251,238,22,🇹🇭omg我在纽约最爱的泰餐开来芝加哥了！ - 小红书,,,long,0.016483870967741936,False,0.008096774193548387,0.00767741935483871,0.0007096774193548388,Sunday,True,medium,0.023255813953488372
Hybrid,1,1,621,3,1,"小台北是我芝加哥的食堂之一！物美价廉，而且啥都有，家常便饭不想开灶了就润来吃，门口就是🆓停车场。芝加哥的冬天简直太冷了🥶看到朋友ins story发了臭臭锅，没忍住第二天也屁颠屁颠来吃了冬日一口暖暖和和🥰 除了一人食，饭/菜/奶茶/小吃/甜点都有，盲点都不会错： 🌟台式臭臭锅 很扎实很满足的锅！两个人吃一个锅配米饭其实也够了！！除了很受欢迎的招牌麻辣臭臭锅（💰19.95），这次尝试整了一下韩式泡菜臭臭锅（💰21.95）其实不臭哈冬天就爱吃这一口汤锅，很暖和很上头，配料也很多。整完喝点点汤尊嘟很适合冬天❄️ 🌟三杯鸡 每次来都一定会点，好大一碗好多肉没有很多sauce但也很上头，腿肉很脱骨，也很扎实，咬一口外面有一点酥但里面又贼嫩。可惜不是能喝酒的日子，否则将强饮三大白！吃惯了dt快30🔪的价，遇到15.95🔪这个价可以直呼“what？” 🌟招牌紫菜肉松Q蛋仔 配的肉松紫菜，咸香至极，就很上头，一小块一小块掰开吃的，没忍住就吃完了🫣 除了这仨，一人食饭也很不戳！10🔪左右一人吃得舒舒服服的。日常爱【招牌卤肉饭💰6.95】，或者饿了一天的时候吃【牛丼饭💰14.95】，不然我吃不完奶茶盲点也不会错，这次点的【台北水果茶】和【白桃乌龙奶茶】也都不戳，白桃乌龙加了椰果就选了无糖，清香奶茶口感配饭我很喜欢。 每次走都会点🍙pick up外卖，份量也贼大，回去空气炸锅或者烤箱热一下【盐酥鸡💰10.36】香香脆脆的，这次还整了个【传统饭团💰5.56】，早上微波炉一热，健康方便好吃，紫米很香，配上入口即化的酥丝肉松，对我来说蛮大一个，一个顶饱一上午！🌟小台北Taipei Cafe 📍2609 S Halsted St, Chicago, IL 60608",15,#大声安利本地美食 #芝加哥美食 #芝加哥生活 #芝加哥探店 #芝加哥吃喝玩乐 #笔记灵感 #芝加哥 #芝加哥旅游美食攻略 #团仔带你吃喝玩乐 @薯队长 #留学美国,Taipei Cafe ,Chinese,3,1,"19.95,15.95,6.95,14.95,10.36,5.56",2024-12-05,1287,213,192,19,芝加哥｜一人食常驻，冬天食口太舒服 - 小红书,12.286666666666667,low,long,0.32944832944832947,False,0.1655011655011655,0.14918414918414918,0.014763014763014764,Thursday,False,large,0.024154589371980676
Hybrid,0,0,420,3,0,"前几天在chinatown买菜，感觉有点困，想来杯咖啡，发现附近有我标记了很久的一家咖啡屋，叫Stockyard Coffeehouse，距离中国车程不到十分钟，就决定来这里了。 店是小且casual的风格，很多都是住在附近的居民，虽然有排队，但基本做咖啡的速度也很快。去了之后发现店里最热门的就是抹茶和咖啡的flight，正好点了两份每种都尝尝。 ☕️抹茶的flight有南瓜horchata/ 焦糖苹果/奶油草莓/奶油香蕉口味。本身是很美国的口味，不过和抹茶的味道一结合，反而成为了清甜的味道。 ☕️拿铁的flight有南瓜口味/ 核桃/焦糖苹果/ 香蕉小豆蔻，算是秋天的季节限定，店里还有常驻的拿铁flight，但秋天就是要来点喝起来暖心暖胃的口味。背景里的墨西哥小妹妹很想和我坐同一个桌子，妈妈拉了半天劝不动，我说一起坐就好，于是意外获得了一个下午茶搭子另外附赠图三的可爱小狗，哦对可爱小妹妹和可爱修勾的照片都经过了妈妈和主人的许可～ 老板看起来是个大叔，但很温柔，因为我点的拿铁flight等的有点久，他实在过意不去，直接给我免单了～是很有人情味的小店了。 The Stockyard Coffeehouse：558 W 37th St, Chicago, IL 60609",5, #爱吃的夏天喵 #芝加哥 #芝加哥生活 #芝加哥美食 #芝加哥探店 #COTD咖啡探店 #值得一去的咖啡店 #咖啡店日常 #咖啡与生活,Stockyard,American,1,1,nan,2025-11-13,3996,158,168,13,芝加哥Stockyard Coffeehouse—街角咖啡屋 - 小红书,,,long,0.08483483483483484,False,0.03953953953953954,0.042042042042042045,0.0032532532532532532,Thursday,False,small,0.011904761904761904
Hybrid,0,1,491,2,1,"我吃了最火的Kasama 都没推荐. 但这家餐厅我要吹爆她 “Eat Fine Design By Khun Kung”！！看小红书好多人推荐，今天过来试试. 简直太太太符合我的口味了！真心好吃！我和室友都给他家打满分（要知道我俩很难达成意见). 随便闭着眼点，没有踩雷的. 我们隔壁桌两个外国情侣跟我们聊了一会，他们从这家开门就一直吃这家，现在生意越来越好. 1. Fire Cup Noodle (火杯面)-辣度3/5 (medium), 我俩可以吃辣觉得medium 不够辣，可以再辣一点. 那个rib 真的做的特别的嫩，入口即化，陪着面吃真的绝绝子！室友最最喜欢这个，有股basil 的味道. 2. 榴莲鸡肉咖喱-辣度2/5, 下次点4/5 的辣度. 第一口(有点奇怪)，第二口（适应中), 第三口(哇！胃口大开) 太太太香了. 我最喜欢的一道菜. 榴莲偏生，有点脆脆的，甜甜的，有股榴莲香味，不是很臭. 和平时生吃的榴莲口感不大一样. 3. 椰子🥥冰淇淋🍦- 假如你不点我就要生气尖叫了！ 太好吃了（尖叫), 我和室友觉得这是这辈子吃过最好吃的椰子冰淇淋了, 椰子味道超级浓郁，甜中带一点点咸(omg，好吃哭了). 给的料真的很足有：椰子冰淇淋，椰子果冻（两种不同的)，椰子肉，糯米 唯一吐槽点就是上菜慢，等了30分钟（店员小姐姐说泰式咖喱会快一些). 和室友达成共识，30分钟我们也觉得值，下周继续来. ",4,#芝加哥 #芝加哥美食 #芝加哥旅游 #芝加哥探店 #芝加哥生活 #芝加哥必吃 #芝加哥美食探店 #芝加哥美食推荐 #美国芝加哥,Eat Fine Design By Khun Kung,Thailand,2,1,nan,2024-04-07,679,673,987,32,谷歌评分4.9!芝加哥必吃！吹爆这家！ - 小红书,,,long,2.491899852724595,True,0.9911634756995582,1.4536082474226804,0.047128129602356406,Sunday,True,small,0.008146639511201629
Hybrid,1,0,358,3,1,"这家餐厅夏天刚开，小众但非常惊艳哦！谢谢把他推荐给我的漂亮学妹！一百多条Google review 都是5⭐️好评！我觉得是应得的！ 他们家灵感来源于1930年代的洛杉矶，整体菜系是美式+意大利菜！这之前是个bar，所以🍸应该很不错！最近刚加了dining，装修的很decent，很适合约会！菜品没有踩雷的，可以随便点！是我会再来打卡的店 🥢🥢🥢🥢推荐菜🥢🥢🥢🥢 1️⃣Fluke Tartare 淡淡的柚子和柑橘味！很清爽的生食 2️⃣Half Chicken 鸡肉无敌嫩，鸡皮烤的很脆！很惊喜！搭配他的酱很无敌👍🏻 3️⃣Tomato Risotto 番茄烩饭真滴好吃，必点！芝士味重！巨香👍🏻 4️⃣Cucumber Salad 非常爽口 配上一道菜刚刚好 有点中国拍黄瓜的味，里面小配料很多！有葵花籽和一些炸物，很有层次感 5️⃣Coconut Key Lime Pie 这个我超爱！很清爽的蛋糕！配芝士奶盖➕椰子脆片！椰子味+青柠真的好配！必点💗 6️⃣Oyster 听朋友说特别特别好吃！下次一定要点！ 📍 Oliver’s 1639 S Wabash Ave, Chicago, IL 60616 （他们强制20%小费，服务很好，我们5道菜也就俩个人人均70左右",18, #芝加哥 #探店 #芝加哥美食 #约会 #芝加哥意大利餐厅 #芝加哥生活 #finedining #宝藏餐厅分享 #留学美国,Oliver's,American,1,3,154.2/2,2024-10-05,3882,190,139,21,芝加哥不打卡会后悔的餐厅Oliver‘s - 小红书,77.1,high,medium,0.09015971148892324,False,0.04894384337970119,0.03580628541988665,0.005409582689335394,Saturday,True,large,0.05027932960893855
Guide,1,0,471,2,1,"如果你也是和牛控 一定要收藏这家位于southloop的和牛放题专门店！ 🥩 Wagyu All-You-Can-Eat 限时90分钟 -雪花分布超美的日本A5和牛 入口即化 肉香浓郁 -油脂细腻的澳洲和牛 厚切也完全不腻 -牛舌推荐点薄切款 嚼起来弹嫩有汁感 🧂酱料台丰富得像自助餐区 -光是辣口调味料就准备了韩式烤肉酱 四川干碟 辣椒油三种 重口味爱好者会疯狂加料 -还有日式芝麻酱 柚子醋酱 蒜蓉等基础调味料 适配各种肉类吃法 -可生食鸡蛋和各式蔬菜无限自取 -超推荐他家的咖喱饭🍛 咖喱香伴着牛肉超级下饭 🍲 不止烤肉 还有日式涮涮锅Shabu Shabu -特别适合想吃清淡点或者不想烤肉的朋友 -日本A5和牛和澳洲和牛切得更薄 方便涮烫 -汤底除了经典寿喜烧+生鸡蛋蘸酱 新增四川风味和牛辣锅 搭配黄喉毛肚等火锅配料 香麻过瘾 🍽️ 小吃也有惊喜 -每次必点wagyu tartare 牛肉塔塔鲜嫩细腻 搭配脆薯片口感丰富 -还有甜虾刺身 炙烧和牛寿司以及各种寿司小吃 -饭后别忘了来一球冰淇淋 有香草/巧克力/曲奇三种口味 吃到最后一口都超满足 💰加入Chubby Club Plus会员 每年只要$88即可 -畅享Chubby Group全美旗下品牌专属福利 -来这家和牛放题或者位于chinatown的烤肉放题chubby castle享会员价 吃个2-3次就能轻松回本！ 📍 1147 S Delano Ct East, Chicago 💵 三档套餐可选：$48/$68/$88（会员价）",11,#芝加哥 #留学生探店 #芝加哥美食 #宝藏餐厅分享 #肉食主义者 #饭团外卖,Wagyu House,Japanese,3,1,"48,68,88",2025-08-08,425,206,185,20,Wagyu House | 芝加哥最佳和牛放题 - 小红书,68.0,high,long,0.9670588235294117,True,0.48470588235294115,0.43529411764705883,0.047058823529411764,Friday,False,medium,0.02335456475583864
Hybrid,1,0,491,1,0,每次聚会想吃肉，这家都会上榜！我N刷的宝藏韩式烤肉店！ 💰非常适合学生党，是市区内性价比坠高的韩式烤肉～学麻了去干一顿肉非常满足😌 不去ktown的话，在芝加哥内如果想找一家✨氛围轻松、能吃肉吃到过瘾、性价比又很高的店，Iron Age就hin不错！是每次都会带着空空的肚子和满满的满足感离开的地方～ 音乐很带感，灯光也恰到好处。非常适合朋友聚会或者周末放松，人气超旺，而且不知道为啥就是嘎嘎乱出片😋而且本来我是i人，但这里的氛围感让我和朋友相处起来都变e人了🕒貌似从来没有限制过我们的点单时间！所以不用着急吃。不被催着吃自助餐谁懂啊！服务也蛮不错，四种蘸料我都很喜欢，他们也会积极及时添料。 一定要试试他们家的芝士玉米和鸡蛋羹搭配着肉一起吃，口感层次超级丰富。也比较喜欢他们的salad，加了韩式辣酱简单拌了一下，配肉非常解腻。 午餐💲20+，晚餐💲30+但有更多海鲜选择 🌟Iron Age 📍这家在芝加哥市区和周边都有很多分店，大家搜一下离自己近的就好，非常方便！我个人会更喜欢Milwaukee那家（感觉更有烟火气一点） 💡 小贴士 这家店有时候饭点大概率要排队。不想等太久的话，建议错开高峰。 我回芝加哥咯，继续抓粉丝一起探店咯还有想我探什么新店的，快在下面告诉我呀！,9,#芝加哥美食 #芝加哥烤肉 #芝加哥探店 #芝加哥生活 #笔记灵感 #芝加哥 #芝加哥玩乐 #留学美国 #韩式烤肉 #小红书校园日记,Iron Age,Korean,1,1,nan,2025-11-24,1287,51,26,19,芝加哥｜N刷食堂系·市区内的平价韩式烤肉🥩 - 小红书,,,long,0.07459207459207459,False,0.039627039627039624,0.020202020202020204,0.014763014763014764,Monday,False,medium,0.018329938900203666
Hybrid,0,0,319,1,1,"最近挖到芝加哥一家宝藏韩餐店🥹 店里是韩式小酒馆风的装修 氛围感直接拉满 一秒穿越到首尔街头的感觉～ 重点是他家菜品味道很正 盲点都不怕出错 - 1️⃣部队锅 冬天的芝加哥来份温暖的部队锅不要太治愈 暖心又暖胃～豆腐泡面香肠午餐肉泡菜..料多到要溢出来 味道很正宗 就是记得要及时关火 不然越煮越咸..！ - 2️⃣猪肉➕紫菜饭团🍙 这道菜我回家之后还在细细回味！ 猪肉甜辣入味 辣度也恰到好处 不是那么辣 和紫菜混在一起揉成饭团🍙淋上香油 香味直冲脑门 - 3️⃣猪肉串+牛肉串🍢 鲜嫩多汁 烤的火候很到位 锁住了肉里的水分 肉也很大块 咬一口超级满足 - 4️⃣芝士辣鸡🍗 好吃好吃好吃！芝士量很足 炸鸡很酥脆 炸鸡外壳酥脆 里面鸡肉很嫩且很多汁 炸鸡味道咸香 搭配上芝士🧀 每一口都像在犯罪但又欲罢不能～ - 📍Dancen 5114 N Lincoln Ave Chicago, IL Chicago 60615 ",6,#芝加哥#韩国料理#韩餐#芝加哥探店#芝加哥美食#美国留学生#芝加哥大学#芝加哥韩料#韩餐#美国留学,Dancen,Korean,1,1,nan,2025-01-17,3402,46,42,1,芝加哥不能错过的宝藏韩餐小酒馆🍲尊嘟好吃 - 小红书,,,medium,0.026161081716637273,False,0.01352145796590241,0.012345679012345678,0.00029394473838918284,Friday,False,small,0.018808777429467086
Hybrid,1,1,701,2,1,"因为知道和x pot是一个集团的，所以一直以为牛武士和x pot是差不多的东西，就没有去尝试。最近刚好馋烤肉了，想来想去决定来试试，才发现错过了太多🥩烤肉｜⭐️⭐️⭐️⭐️⭐️ 我们选的是gold tier，里面包含每人限一份的A5和牛和一些高级寿司。肉很新鲜，入口满嘴爆汁，幸福感爆棚。不限量的美国/澳洲和牛也非常新鲜，油脂分布丰富。质量对标其他日韩烤肉店比较高级的cut。我们试了所有的牛肉，没有一样让人失望。牛舌意外地好吃😋 🍣寿司｜⭐️⭐️⭐️⭐️ 生鱼寿司品类所有item也都试了。那几个gold专享都属于高浓度多巴胺，好吃得一匹。除了有一款鱼不太新鲜，其他的都挺不错。值得一提的是手握类米不多，还有的没米，挺惊喜的。作为自助没有大口给我塞米就透着大气。扣1星是因为寿司米拉垮。米很黏会粘在盘子上，一夹就会扯散。寿司醋量放得也不太够，米没什么味道 🍱小食｜⭐️⭐️⭐️⭐️✨ 芝士玉米、和牛饺子、石锅拌饭、茶碗蒸都挺不错，很值得一试。炸物差点意思可以不点。小笼包居然是油炸的？？有点雷 FAQ： 1. Gold还是silver？- 可以无脑选gold。gold能吃到的那些东西才是精华，而且价值绝对大于那$20的差价 2. 办不办会员？- 年费$28的会员可以每餐-$10。另外菜单上还有个会员专享的A5西冷手握，我觉得单为了这个我都愿意充会员。 ‼️总结：吃下来挺惊喜的。食材用料都挺实在，东西也好吃。没有AYCE常见的给很多碳水和上菜慢这种套路。整体有着早期x pot那种很值的感觉。我们5个人在90分钟的限时吃了85个item，肉至少吃了有30几份，对于能吃的人真的超值。服务也好，我们桌安娜小姐姐服务热情，需要什么基本立刻就能找到人并且得到回应，一两分钟需求就能被满足。唯一的缺点就是桌子太小，就餐体验有点逼仄。不过今后肯定会常来，这个性价比真的是没谁了。 📍Chubby Cattle BBQ | Chicago 2162 S Archer Ave, Chicago, IL 60616",15,#芝加哥 #芝加哥生活 #芝加哥美食 #芝加哥探店 #芝加哥玩乐 #芝加哥周边 #芝加哥旅游 #芝加哥美食探店 #探店 #美食,Chubby Cattle,Japanese,2,1,nan,2025-03-09,159,37,45,1,芝加哥探店｜和牛随便吃的幸福🤤 - 小红书,,,long,0.5220125786163522,False,0.23270440251572327,0.2830188679245283,0.006289308176100629,Sunday,True,large,0.021398002853067047
Hybrid,1,1,471,2,0,"地下美食街有争议的新店一碗花甲吃了，感觉还不错。但最最意想不到的是肉夹馍居然炒鸡好吃。 先说花甲粉，芝加哥这个地理位置，肯定没有新鲜花甲，就算有，也不会是这个价位的花甲粉里能放的。不过这一碗粉里已经放了满满的鱼豆腐+三只大虾，性价比已经很高了。汤汁的味道其实感觉不是很特别，有点像火锅底料的味道，但不难吃。 但素！ 肉夹馍真的超级无敌好吃，而且是在芝加哥如今一众邪门肉夹馍里一骑绝尘的那种，甚至让我有点梦回情店西安食代（只有老芝加哥人才懂）的感觉。肉是塞的满满当当的肥瘦兼有的猪肉丝，有星星点点的青椒，但没有喧宾夺主，肉夹馍的味道超正。不过虽然我也很喜欢酥皮的老潼关肉夹馍，还是很想梦一个传统的白吉馍至于新店试营业的9.9送一碗花甲粉+肉夹馍，只能说老板低估了芝加哥吃货的热情，可能真按这个执行会亏死，所以临时改成了9.9送花甲粉+一份凉菜或饮料，肉夹馍需要单点。虽然临时改活动内容不太好，但觉得也是真的刚开始做运营，才会发现理想和现实的差距，建议以后应该把活动改成“限量每天十份”。 再给肉夹馍打一次call，完全值得单点，是芝加哥的仙品～ 一碗花甲：2002 S Wentworth Ave, Chicago, IL60616 ",4,#爱吃的夏天喵 #芝加哥生活 #芝加哥探店 #芝加哥美食 #地球村食评人大赛 #我有一个中国胃 #美洲狂欢角 #走街串巷吃美食 #芝加哥 #平价美食,Spicy Boiled Fish&Noodle Story,Chinese,1,2,nan,2025-09-11,3996,108,74,14,芝加哥｜一碗花甲—居然肉夹馍超好吃 - 小红书,,,long,0.04904904904904905,False,0.02702702702702703,0.018518518518518517,0.0035035035035035035,Thursday,False,small,0.008492569002123142
Guide,1,1,450,1,0,Updated: 最近三四个月回去吃过两次 感觉没有一开始好了 但总体也还行 有点小可惜新开在chinatown的牛武士 silver55 gold75 55刀的选择肉/寿司选择都蛮丰富的 但我们想着第一次吃所以直接选了75那档的 之前吃过它家姐妹店三次 火锅/烤肉都试过 真的不太喜欢 但这家吃完之后和好友都觉得很不错 直接办了会员卡 绝对会回头烤肉图三右上的雪花和牛 那个全场最佳 很香牛油味 切得厚度也刚好合适 牛舌拼盘也推荐 是薄切和厚切都都有 我和朋友都喜欢吃厚的 口感很好而且蛮juicy的 可惜厚切没得单独点 其他牛肉吃起来都蛮好吃的 连猪五花叫了一份都觉得蛮香的 没有猪腥味 如果硬要挑一个避雷的话 有一个长条片状的牛肉 偏肥的那个可以不点（或者少点先试试 看喜不喜欢）因为那个会比较容易腻一点 店里有奶茶（茉香比较好喝） 罐装饮料和雪糕都无限拿的 当时在排队的时候看到很多人其实吃完都会打杯奶茶/雪糕带走 奶茶是那种学校小卖部门口便宜但好喝的粉冲奶茶的味道 （好喝的植脂末？？）我不知道有没有人懂这个点但那个味道我和我朋友们都挺爱的 之后也没太喝到过了 希望店家能保持这个水准 感觉有兴趣的小伙伴确实可以去试试看 值得一试的,5,#芝加哥 #芝加哥美食 #芝加哥生活 #芝加哥旅游 #芝加哥探店,Chubby Cattle,Japanese,3,1,nan,2025-01-05,116,381,385,34,芝加哥烤肉90mins无限吃55刀实现和牛自由 - 小红书,,,long,6.896551724137931,True,3.2844827586206895,3.3189655172413794,0.29310344827586204,Sunday,True,small,0.011111111111111112
Guide,1,0,296,2,0,"芝加哥west loop新开的日料Ryota, ins上刷到好多博主推广，mark了一个多月冲去吃了海鲜丼里的金枪鱼大腹，肥美又新鲜，海胆品质不错但没有到惊艳，饭有腌制过，整体调味也很不错。唯一的缺点是好贵，和刚开门相比，现在是market price，分量不大，我们去的那天要95刀全场最佳是蘸面，太好吃了我一个不爱拉面的人和朋友抢着吃。流心的温泉蛋，黏糊糊的粗面裹满了酱汁，chicken karage是属于面糊挂的多的，但也是好吃的。冲着拉面，这家店我一定会二刷。 前菜的kanpaci新鲜，好吃，用醋，橄榄油，一点点盐，轻微调味的。但也是有些小小偏贵，5片鱼，18刀 感觉是target白人的日料店，但胜在食材新鲜，调味恰到好处，拉面真的必点！现在刚开业，酒牌要到8月才能下来，还能byob，值得一去",4,#芝加哥美食 #芝加哥生活 #芝加哥日料 #芝加哥拉面 #日料 #海鲜丼 #日本料理,Ryota,Japanese,1,1,nan,2025-07-20,106,425,469,14,ins上芝加哥最火的海鲜丼饭 Ryota - 小红书,,,medium,8.566037735849056,True,4.009433962264151,4.4245283018867925,0.1320754716981132,Sunday,True,small,0.013513513513513514
Hybrid,1,0,227,3,1,"匠牛最近上了火锅，并且把之前的烤肉改成自助形式了。 现在烤肉/火锅是37刀，同时一起吃是40🔪，也太划算了！！
	
羊蝎子火锅有点微辣，吃着特别香、过瘾，暖身子！ 里面羊蝎子大块，份量多，还特别软嫩入味。这个锅里煮豆腐，羊肉温补的食材特别搭！
	
酸菜锅比较解腻，适合搭配牛肉和麻酱一起吃
	
烤肉还是以前的品质，肉质好，现在自助也不用等半天上菜了，挺好！ 冬天吃点烤五花喝点羊蝎子汤真是美滋滋～
	
我去的是中国城的那家-2300 S Archer Ave，旁边的停车场有两层 挺好停车的，还免费。 Downtown的那一家也有火锅！",6,#芝加哥 #芝加哥探店 #芝加哥中餐 #芝加哥大学 #芝加哥中国城 #团仔带你吃喝玩乐  #饭团外卖11周年 #圣诞节 #美国圣诞节 #芝加哥圣诞节,Jiang Niu BBQ House,Chinese,3,1,40,2025-12-24,1487,125,77,14,芝加哥圣诞节上新 羊蝎子-东北酸菜火锅双拼 - 小红书,40.0,medium,medium,0.1452589105581708,False,0.08406186953597848,0.05178211163416274,0.00941492938802959,Wednesday,False,small,0.02643171806167401
Hybrid,0,0,150,2,0,才知道芝加哥有了这样用心做的肉夹馍和手擀面 刷到店家po的手作视频太心动了 一碗花甲 就新开在Chinatown地下美食城！ 这份超酥肉夹馍很难不夸 吃完还带走一份 第二天微微平底锅一热 居然还是喷香 要知道他们家不只有招牌花甲粉！ 图二的手擀羊肉面和图三的鸡汤馄饨也真的超爱 反正我们吃辣星人就是kuku加油辣子 牛肉面吃到撑 真的很有中国味了！,8,#留子 #海外美食攻略 #团仔带你吃喝玩乐 #芝加哥美食 #芝加哥生活 #面食 #留子的命也是命,Spicy Boiled Fish&Noodle Story,Chinese,2,2,nan,2025-10-30,5120,276,229,19,芝加哥最好吃的肉夹馍出现了！还有手擀面🥹 - 小红书,,,short,0.10234375,False,0.05390625,0.0447265625,0.0037109375,Thursday,False,medium,0.05333333333333334
Hybrid,0,0,462,3,0,"半夜刷ins，看到刚刚开的舒芙蕾店 “Softbites” 馋死了！第二天赶紧安排上! 作为舒芙蕾爱好者必须要吃了. 地址：705 W Belden ave Chicago, Illinois他家菜单我放到了最后一页. 这应该是整个芝加哥第二家做舒芙蕾的了，第一家是downtown 的 Hanabusa cafe(我之前专门写过他家). 这家专门做舒芙蕾的，目前opening hour 是11-7pm 小伙伴们不要跑空了！他家11点开门，我就到了，好多的人，我之前排了5，6个人. 等了50分钟. 他家没桌子，只能带走吃！ 点了芋泥肉松和抹茶🍵. 店员推荐了卡仕达(custard)我木有点，小伙伴们可以试试. 舒芙蕾本身口感柔软细腻，非常的蓬松和轻盈. 不甜不腻. 感觉真的在吃云朵☁️！一个好的舒芙蕾不光口感要软绵绵的，还不能有蛋腥味！他家做到了✅！一人一个吃完绝对没有负担！ 我和室友一致觉得抹茶🍵> 芋泥肉松的. 芋泥味道有点淡，味道感觉不够丰富. 但是我觉得抹茶真的巨巨巨巨好吃！我不爱吃抹茶怕苦的人也觉得抹茶的非常好吃. 室友喜欢超级苦，觉得可已在苦一点. 但是这个抹茶🍵味道完全点在了我的味蕾上！我超级无敌喜欢！吃了抹茶想唱🎤🎵一首“征服”送给大家. ❌唯一雷点可能是，排队的人比较多，舒芙蕾都是现做的，所以会比较慢，需要耐心等待.",5,#芝加哥 #芝加哥美食 #芝加哥旅游 #芝加哥探店 #芝加哥生活 #芝加哥必吃 #芝加哥美食探店 #抹茶 #舒芙蕾 #舒芙蕾松饼,Softbites,,1,3,nan,2024-07-07,679,400,469,30,芝加哥新店! 吃了会幸福的云朵舒芙蕾👍🏻！ - 小红书,,,long,1.3240058910162003,True,0.5891016200294551,0.6907216494845361,0.044182621502209134,Sunday,True,small,0.010822510822510822
Hybrid,0,0,309,3,1,馋韩式大猪肘子好久了，终于和朋友们一起打卡了北郊的Jokbal Night Market。这家碾压dt的Tak和hmart取得芝加哥韩式猪肘的断层领先 味道好，性价比超高，八十几刀猪蹄双拼+土豆脊骨汤直接吃到四个人扶墙出，在现在的芝加哥属实可贵 推荐 原味猪肘 猪肘软糯，火候很到位，一点骚味都没有，吃多了也不会腻到，搭配的酱料很清爽，我心中的全场最佳！ 火辣猪蹄 甜辣口味很上头，猪蹄和猪肘都有，吃多了略微觉得有点小辣 土豆脊骨汤 第一次在芝加哥吃土豆脊骨汤还挺惊喜，软烂脱骨，紫苏味深得我心，吃完加点了一份泡菜炒饭放进锅里炒，本碳水脑袋大满足 泡菜饼 很脆很清爽，不油腻，泡菜口感偏酸，推荐！ 整顿饭吃下来超级满足，量真的巨大，四个人吃这些根本吃不完，建议大家人少的话点个套餐就够了,10,#芝加哥 #芝加哥美食推荐 #猪脚饭 #韩式猪蹄 #土豆脊骨汤 #韩餐,Jokbal Night Market,Korean,1,1,nan,2025-10-29,1229,266,311,21,芝加哥｜从韩国开来的超绝大猪肘 - 小红书,,,medium,0.48657445077298617,False,0.21643612693246542,0.2530512611879577,0.01708706265256306,Wednesday,False,medium,0.032362459546925564
Hybrid,0,0,107,2,0,"地址：1129 W Argyle St Chicago, IL 60640 这家Miss Saigon是真的宝藏餐厅 每次的Protein表现都超稳定 无论是最爱的Bun bo hue里的牛腱子肉和肉饼！ 还有猪排，牛仔骨饭都超好吃 他家的炒饭每次都是秒光盘！ 三款自制辣椒，很辣，但你一定不能错过～ 冬天吃得满头大汗很舒服～",8,#留学生干饭 #芝加哥越南粉 #芝加哥吃什么 #芝加哥吃喝玩乐 #芝加哥探店 #芝加哥吃喝,Miss Saigon Restaurant,Vietnam,1,1,nan,2025-02-01,1617,234,286,13,芝加哥这家pho！顺化牛肉粉！炒饭一绝！ - 小红书,,,short,0.32962275819418674,False,0.14471243042671614,0.17687074829931973,0.008039579468150896,Saturday,True,medium,0.07476635514018691
Hybrid,0,1,505,2,1,"每个来芝加哥旅行的人，必去餐馆打卡一定是芝加哥有名的米其林——紫🐷Purple Pig。刚好🈶来芝加哥玩的朋友，就带他们来吃了。 因为我们人比较多，所以当时是提前两周上网预订的桌子。至于能不能walk in，想去的宝可以打电话去问一下。 推荐几款我们吃完再点的几个餐。全个人感受，不同意的宝可以一起讨论一下。 1️⃣Roasted Bone Marrow 🌟🌟🌟🌟🌟🌟 这个烤骨髓我们点了两个，吃完觉得不够再点了一个。有人觉得会有点腻。但我觉得骨髓的油腻加上烤面包和他的配料-香草🌿和洋葱🧅，我觉得油而不腻，弄🉐整个面包格外的奶香。他们还配上推荐的海盐🧂，但我个人觉得咸度已经刚刚好，就没有加，重口味的宝宝推荐加上。 2️⃣Grilled Broccoli 🌟🌟🌟🌟🌟别笑我，我个人觉得他们的烤西兰花🥦值得我开一个给它开一个5🌟点评，再加一个图片我真的好喜欢😍 凤尾鱼油醋汁、大蒜再加上面包碎和西兰花一起烘烤，真的超好吃。不准反驳我 3️⃣Pork Ribs 🌟🌟🌟🌟 这猪🐷排骨是酸酸甜甜的口感，排骨被煮的很入味，骨肉分离，加上很奶香的奶油。就感觉两者很相配。但是没有超级惊艳的感觉，所以就只有4颗星，我们也没没有重复🔁点了 4️⃣Mushroom 3 Ways 🌟🌟🌟🌟 蘑菇🍄‍🟫三吃，说白了就是烤杏鲍菇+猪肉蘑菇汁+黑松露蘑菇泥。感觉就是中规中矩 地址： 444. N Michigan Ave Chicago, IL 60611 就在芝加哥Michigan大道上 营业时间 周日-周三: 11:00am-9:00pm 周四-周六: 11:00am-10:00pm",12,#大声安利本地美食 #会重复去的餐厅 #宝藏餐厅分享 #芝加哥生活 #芝加哥 #笔记灵感 #芝加哥美食 #探店 #周末去哪玩 #吃货薯看这里 @吃货薯,The Purple Pig,American,3,1,nan,2024-10-02,1838,151,158,3,芝加哥米其林必去｜The Purple Pig - 小红书,,,long,0.16974972796517954,False,0.08215451577801959,0.08596300326441784,0.001632208922742111,Wednesday,False,medium,0.023762376237623763
Hybrid,0,0,617,2,1,"好吃到生气！！！ 这家应该是我有生以来吃到过最好吃的泰餐了🥹 坐标芝加哥Eat Fine Design By Khun Kung 📍2062 N Damen Ave, Chicago, IL 60647 这家店一定一定要预定‼️给谷歌地图上这家店的电话号码发预定时间➕人数➕预定名字！ 店里只有五张桌子 人手也不够 我们晚上7点半定的餐厅 吃饭的两个小时内店里一直是满的！老板娘大概是因为想专注于菜品 所以不着急于翻桌率🥹 🍜P1 Fire Cup Noodle (Special Chef's Kee Mao Noodle) 很好吃的炒面！面可以选肉 我们选了猪肉 面里有三大根猪排骨🍖口味偏辣 但是很好吃的辣！本广东人还可以接受的程度🌶️可以算是本场最佳😋 🥭P4 Mango sticky rice 谁能拒绝芒果糯米饭！咸甜的糯米饭配上甜甜的芒果 是谁又幸福了我不说！这家店的芒果真的很甜 类似于国内小台芒的味道🥹 🌯P5 Duck Roll 吃第一口的时候真的幸福哭了🥹这就是北京烤鸭的味道！而且外层的皮还升级成了酥脆手抓饼的感觉！外面淋的酱就是甜面酱本酱啊🥹 🥘P6 Durian Massaman Curry 榴莲咖喱🍛听这个名字是不是感觉很黑暗！但是真心觉的不怪 而且很搭😋 是口味偏甜的香香咖喱 榴莲选的不是很甜的那种 锅底还有一大块鸡腿肉🍗 🥥🍹Fresh Coconut Juice (Whole Coconut) 还有就是我手里拿的椰子水！超级好喝 就是质量很好的椰子开出来的椰子水～香香甜甜的😋 我对这家店好感度upup不仅是因为菜好吃 更是因为这是一家很温馨的小饭店！店里装饰的很用心😍 我们比预定时间晚了半小时 我临时给老板娘发消息说能不能晚到 老板娘很耐心地告诉我们没关系🥹我们的桌子上还有手写的名牌 非常用心了🫰 吃饭的时候遇到邻桌过生日 墙上还贴了彩带 店员中途还唱着生日歌悄悄送出惊喜小蛋糕🍰 总体感觉像是来妈妈家里吃了一顿家常菜🥹",6,#芝加哥 #北美生活 #我的留学生活 #旅游 #探店 #美食 #泰国菜 #炒面 #芒果糯米饭 #咖喱 #你喜欢泰国菜吗？[PK]#,Eat Fine Design By Khun Kung,Thailand,2,1,nan,2024-04-08,51,148,170,8,我真的生气了…….. - 小红书,,,long,6.392156862745098,True,2.9019607843137254,3.3333333333333335,0.1568627450980392,Monday,False,small,0.009724473257698542
Hybrid,0,0,499,2,1,"在芝加哥上学期间总是在家点他们家+和朋友一起去这聚餐，味道很不错！无论是堂食还是外卖都吃了好多次啦，从不踩雷，价格不贵，量也足！🤤值得反复去吃的韩料！ 以下是多次测评的诚心推荐菜： 🔸【烤五花肉】 这个量巨大 寒冬必备！烤盘烤的有点焦香，配上泡菜和生菜，超级好吃，我每次都点 🔸【酱猪肘】 超大一份，凉菜比较爽口！肥瘦正好，我比较爱打包回家热一下，会更好吃 🔸【冷面】 面条非常劲道，味道偏甜口，很解腻！和各种烤肉，和泡菜非常配！btw他们家炸酱面味道也不错！ 🔸【海鲜/泡菜煎饼】 他们家有很多种煎饼，可以选双拼口味的！俩个都尝一下！海鲜味的更有嚼劲！泡菜味的饼皮更脆！ 🔸【嫩豆腐汤/部队锅】 这俩味道很像，都值得点，豆腐汤有三种味道，我都喝过，都很鲜！ 冬天适合和朋友来一份部队锅，量足料多，值得点！ 🔸【蛋包饭】 看似平平无奇，实则我每次必点！说不出来为什么好吃，但就是让平时不咋吃碳水的我，流连忘返🤤 🔸【猪脊骨汤】 骨头汤味道很好，肉啃起来很香，里面的粉条和配菜也很入味，一大锅吃起来非常满足 📍Han Mi Jeong 3335 S Halsted St, Chicago, IL 60608 😆 他们家还能叫外卖哦！冬天不想出门的时候或者晚上在家赶due都可以指望一下芝加哥饭团外卖 哈哈，很快就能吃上暖暖的韩料",12,#芝加哥美食 #美国必备app #芝加哥生活 #饭团11周年 #团仔带你吃喝玩乐 #海外美食攻略 #芝加哥旅游 #芝加哥探店 #芝加哥韩餐,Han Mi Jeong,Korean,1,1,nan,2025-10-23,3882,111,132,6,芝加哥美食｜毕业后也让我念念不忘的韩餐店 - 小红书,,,long,0.06414219474497682,False,0.0285935085007728,0.03400309119010819,0.0015455950540958269,Thursday,False,medium,0.02404809619238477
Hybrid,1,0,360,3,1,"芝加哥的小伙伴你们吃太好了吧… 这一份牛肉粉才21…还带了超大一块牛肋条，肋条真的很大！ 我没拿出来拍！炖的也不错比较脱骨，反正密歇根村里来的npy和我两个肉食星人表示超爱！ 老板娘说牛肉汤炖了30个小时，很香很鲜，对我来说有点咸的，但是我兑了点热水调到了适合自己口味的程度，npy觉得口味刚好 第一次端上来了之后应该是师傅忘记搅一下去油了…老板娘看到我我在那里不停的舀油，又让后面重新煮了一碗汤给我们 她真好 总体评价 4.4/5 （超过预期了！） 牛肉汤： 4.5/5 （超鲜美！） 牛肋条：5/5 （超大炒鸡香） 其他的牛肉片&丸子： 3.5/5 （一般，rare beef不太rare有点硬） 服务：5/5 老板人超好的 三明治：4/5 是好吃的，但是没有记忆点，我觉得可以少放一点bbq酱？npy觉得刚好 拌面：4/5好吃的，上面的炸虾很脆很香，但是不会专门来吃 价格：5/5 我觉得很值！吃到撑俩人才吃了四十多 店名：Pho lover 地址：823 E Algonquin Rd, Schaumburg, IL 60173 ",3,#芝加哥美食 #芝加哥 #越南粉,Pho lover,Vietnam,1,1,nan,2024-04-21,123,146,152,14,芝加哥北郊超好吃牛肉粉！！太顶了！！ - 小红书,,,medium,2.5365853658536586,True,1.1869918699186992,1.2357723577235773,0.11382113821138211,Sunday,True,small,0.008333333333333333
Hybrid,1,0,329,3,1,"芝加哥｜只要$48的午市omakase🍣
刚开门三周的📍Tamu 中午套餐48刀13道菜‼️ 比上次推荐的Jinsei Motto还值 芝加哥omakase卷疯了，我爱看 菜单在最后 ⌚️我是下午2点去的，店里氛围很好，鲤鱼旗装饰和河豚门帘都超可爱😍 13道菜：味增汤 海藻 寿司*8 手卷 玉子烧 冰淇凌 ✅印象最深的是saba，渍过之后配合切成薄片的昆布，鲜味拉满，完全不腥，非常惊艳 ✅熟成三文鱼，Sagoshi，扇贝，赤身和中腹 质量都很过关 ⚡️不过chef米做得不太稳定，有的太黏了 Kanpachi比较瘦，Madai有点干 我单点了金枪鱼大腹、海胆、鳗鱼，和不在菜单上的三文鱼籽（确实饿了 ✅大腹完全没有筋，入口即化，真的很值得 ✅鳗鱼用的是传统星鳗Anago而不是Unagi，口感松软清爽，很推荐 👉海胆不够甜，性价比还行 👉三文鱼籽，chef 拿酱油渍过，用来做海鲜饭的，给我做成寿司有点咸 整体来看性价比真的太高了 非常推荐来吃 ",7,#芝加哥 #芝加哥美食,Tamu,Japanese,1,1,nan,2024-06-21,8286,740,905,30,芝加哥｜只要$48的午市omakase🍣 - 小红书,,,medium,0.20214820178614532,False,0.08930726526671494,0.1092203717113203,0.003620564808110065,Friday,False,medium,0.02127659574468085
Hybrid,1,1,328,2,1,"直接甩店名，东南亚菜爱好者和重口味星人一定会喜欢! 🍜HaiSous Vietnamese Kitchen 📍 1800 S Carpenter St, Chicago, IL 60608 Google标注💲50-100，但实际上两个人每个人50就可以吃的比较撑了。 图1️⃣ Bun Cha Hanoi 💲38 猪肉河粉 非常喜欢这个粉，软硬适中，唯一的问题就是汤有点咸，不太适合直接喝，但是粉涮好之后配生菜一起吃味道刚刚好！ 图2️⃣ Ca Tim Nuong Mo Hanh 💲13 烧茄子🍆看到小红书有人说是国内烧烤的味道，但其实完全没有，不过也是一种很特别又美味的做法，非常值得一试！ 图3️⃣ Com Chien Cua 💲17 讲实话是好吃但没有特点的蟹肉炒饭…而且实际上并没有吃到很多蟹肉，不过饭和其他口味较重的菜搭配起来吃比较合适 图4️⃣ Canh Ga Chien 💲17 浓浓东南亚风味的鸡翅！第一次吃加鱼露做sauce的炸鸡翅。 🍷 Happy Hour 每周三到周日 4：00pm-5:30pm 🍚 Sunday Brunch 10am-12:00pm 📅 除此之外这家店也参加餐厅周活动，时间1月24-2月9日，可在官网查看餐厅周菜单～",4,#留学生干饭 #宝藏餐厅分享 #那些吃到的漂亮饭 #芝加哥 #芝加哥生活 #芝加哥探店 #芝加哥旅游 #芝加哥美食 #私藏小众餐厅 #会重复去的餐厅,HaiSous Vietnamese Kitchen, Vietnam,1,1,nan,2025-01-20,215,284,445,17,https://www.xiaohongshu.com/explore/678df543000000002100214a?app_platform=ios&app_version=9.20&share_from_user_hidden=true&xsec_source=app_share&type=normal&xsec_token=CBZvTHKriTooISNuLJfBP3eL5Wsav7hTdO4LvUWGZ4Hxk=&author_share=1&xhsshare=WeixinSession&shareRedId=N0dHOTpHPEFIOElDOjw1TDlHQTdKOj9P&apptime=1773111349&share_id=ca12281063bf4a05bec730faddd89f07,,,medium,3.469767441860465,True,1.3209302325581396,2.0697674418604652,0.07906976744186046,Monday,False,small,0.012195121951219513
Hybrid,1,1,555,3,1,当之无愧的芝加哥日料top！任何在芝的人没有吃过我都会伤心的ok？除了传统日料，momotaro还会提供一些融合菜，感觉米都这样 ❗️建议提前1-2周预约，所有预约桌都在2楼。2楼相较1楼更安静氛围更好，并且有一些限定餐品。一顿下来4个人275左右（没算小费），个人觉得很值。 🤤鸡肝烤面包Jidori Kimo （p2）：印象最深的前菜！地中海风味。烤面包加了很多黄油嘎嘎香脆，配上细腻的鸡肝酱和清甜的果酱，炫了好几块甚至加了一份面包 🤤寿司拼盘Chef‘s Sesonal Nigiri Selection （p3）：还得是寿司最好吃！不会选的姐妹可以无脑点这个，主厨推荐当季寿司，没一个不香。推荐：金枪鱼腩三文鱼腩和甜虾 😋烤章鱼Tako Su （p4）：很不戳的前菜，q弹章鱼腿子 🥸牛舌Guytan （p5）：只有2楼才有的烤串，肉品质非常好鲜嫩多汁，就是有亿点咸，建议少盐。最近去过的所有日料烤串都好咸，是大家阳康以后味觉还没回复吗？ 😋意面Spaghetti （p6）：我愿称之为日式热干面，很独特的味道。还蛮辣的建议不要在吃寿司之前食用 😋甜品（p7）：甜品的名字已经不记得了，靠前的一份是mochi cake，另一份是肉桂焦糖苹果蛋糕，都不踩雷。奶油是加了糖的不是纯纯奶香，不喜甜食的姐妹需要斟酌 🤩小惊喜（p8）：因为当天是我的生日，服务员姐姐给了我一份特别菜单上面印着happy birthday！还送了一个小泡芙作为惊喜（感觉比两份单点的甜品都好吃233 非常好的就餐体验，还会再次光顾！喜欢日料的姐妹赶紧冲！ ,8,#北美 #北美生活 #日料 #美食 #美食分享 #日料探店 #寿司 #芝加哥探店 #芝加哥美食 #芝加哥 #chicago #MOMOTARO #momotaro #桃太郎 #米其林 #米其林餐厅 #各位有没有觉得最近餐厅都好咸？,Momotaro,Japanese,2,1,nan,2023-01-09,88,492,653,16,https://www.xiaohongshu.com/explore/63bc910e000000002202ad86?app_platform=ios&app_version=9.20&share_from_user_hidden=true&xsec_source=app_share&type=normal&xsec_token=CBKnWepgwyBHBhrm04Esh0-HScd4-oxpPJQ1nP07CQSDg=&author_share=1&xhsshare=WeixinSession&shareRedId=N0dHOTpHPEFIOElDOjw1TDlHQTdKOj9P&apptime=1773111323&share_id=03930a7380d74e5f87ee1f13800edde7,,,long,13.193181818181818,True,5.590909090909091,7.420454545454546,0.18181818181818182,Monday,False,medium,0.014414414414414415
Hybrid,0,0,473,1,1,第一次吃饭的时候感觉自己嘴巴很忙 📍Sorry Mommy 📕点单攻略见p5 🍜干煸炒面🌟🌟🌟🌟🌟 - 超级有锅气 韭菜香+牛肉香+辣皮子香+面香 第一口直接惊艳 🍜木须肉面Musurou 🌟🌟🌟🌟 - 队友一眼相中“木须肉”我以为会很普通 但是木耳和鸡蛋都吸满了番茄和酱汁 嫩到在嘴里化开 🍰蜂蜜蛋糕🌟🌟🌟🌟🌟 - 太惊艳了 蜂蜜的焦香+软弹蛋糕胚的麦香+入口即化薄涂奶油 一点也不甜腻 反而吃起来有种在麦田里晒太阳的感觉🍯 🍖茄子牛肉大串Eggplant Lyu🌟🌟🌟🌟 - 茄子包裹牛肉丸 茄子被牛肉的汁水浸润像一层肠衣 牛肉一口爆汁💦一定要加上甜的皮牙子 🍲羊肉面片汤Mampar🌟🌟🌟✨ - 超浓羊肉番茄汤 小块羊肉加上哏啾的小面片 浑身暖起来很适合秋天！ 🥟牛肉蒸包Manty Beef🌟🌟🌟 - 满满牛肉馅+皮牙子香+嫩嫩的皮子 汁水香到不行 🥠牛肉烤包子Samsa Beef🌟 - 可以直接跳过了！ 🧋Jarma大麦发酵饮料 🌟🌟 - 有一种不甜大麦格瓦斯的感觉 发酵味道很浓 🍷干果茶🌟🌟✨ - 感觉是石榴梅子汁的味道 对我有点甜 加一丢丢水刚好 配蛋糕酸酸的感觉直接完美 🧑‍🍳和店员聊大厨是新疆人！并且在新疆掌勺20年 老板是某个斯坦的（是在没听清）店里都是中亚的客人 而且🕌清真认证 ⛰️一直很想去新疆 吃到这一口感觉真的有回国感觉 位置一般 味道就不一般! 离机场开车15min要是在附近真的值得来吃一下,5,#芝加哥 #芝加哥美食 #芝加哥生活 #芝加哥周边 #留学生探店 #芝加哥新疆菜 #芝加哥机场,Sorry Mommy ,Chinese,1,3,nan,2025-09-06,48,206,289,19,芝加哥｜一秒到新疆的餐厅🥘 - 小红书,,,long,10.708333333333334,True,4.291666666666667,6.020833333333333,0.3958333333333333,Saturday,True,small,0.010570824524312896
Hybrid,1,0,339,2,1,"店名：Claypot Seolleongtang 类型：韩餐 地址：3375 Milwaukee Ave Ste A-B, Northbrook, IL 60062 人均：$25 最近被这家韩式雪浓汤馆狠狠治愈了，简直是北郊天花板，随便点不踩雷。 🌟🌟🌟🌟🌟 Wang Galbitang 牛肋骨汤-牛肋骨炖到软烂脱骨，轻轻一吸就骨肉分离，肉质厚实却不柴，汤底奶白，鲜美浓郁，一口暖到心窝。强烈推荐！ 🌟🌟🌟🌟🌟 Woogeoji Wang Galbitang 辣牛肋骨汤-是上一道牛骨汤的热辣进阶版！适合喜欢吃辣的小伙伴。 🌟🌟🌟🌟🌟 Modeum Seolleongtang 综合雪浓汤-牛骨+牛腱+牛筋+面，不知道点什么选它就可以。汤乳白浓稠，纯靠骨头慢慢熬出来，非常鲜美！调味料可以自己加。 🌟🌟🌟🌟🌟 Black Goat Soup 黑山羊紫苏汤-这道汤真的太惊喜！黑山羊肉软烂鲜嫩，入口即化，加上紫苏叶、紫苏粉和葱花调味，香味扑鼻，一点也不腻，喝完以后全身都暖暖的。 这家很适合当工作日的晚餐，或者周末和朋友小聚，还有生腌虾，蒜香鸡杂，海螺沙拉等，准备下次去试试。 *周二不开门。 ",5,#韩餐 #好汤喝到爽 #芝加哥 #芝加哥生活 #芝加哥美食 #芝加哥探店 #探店 #全球吃喝小分队 #宝藏餐厅分享 #餐厅推荐 #芝加哥餐厅 #芝加哥韩餐 #雪浓汤,Claypot Seolleongtang,Korean,1,3,nan,2025-04-04,549,316,427,8,打卡芝加哥100家餐厅-28｜Claypot雪浓汤 - 小红书,,,medium,1.3679417122040072,True,0.575591985428051,0.7777777777777778,0.014571948998178506,Friday,False,small,0.014749262536873156
Hybrid,1,0,516,2,1,update：因为店面比较小烤鸭现在应该不做了🥲 饺子也非常好吃！（信我，我几乎不怎么喜欢吃外面做的饺子！他家真的不错，但我们先说烤鸭 首先这家店小小的，看店面的确不像是有烤鸭的样子要不是店门口画了个师傅提着烤鸭，我真的会疑惑！但是朋友们！这家小店完全惊喜到我了！中国人不骗中国人！（烤鸭因为是现做的，所以要提前1天预定） 🦆：48/半只，88/一只 鸭皮（就是沾白糖那一块）一定要趁热吃，香香脆脆，油脂充盈，咬下去酥脆过后就是油香润口。好吃好吃！ 鸭饼非常之薄，自制的烤鸭酱酱香十足，咸味和甜味平衡的很好，放多了也不会觉得腻！卷着刚出炉外层香酥，中间油脂香气四溢，内里肉质鲜嫩的鸭肉，一口下去，我的妈呀，真的香完了！觉得腻的话可以配点蒜泥在鸭卷上，一点点蒜香味让口感层次提升之外，还解腻！ 烤鸭套餐里还有鸭汤（没拍照，吃完food coma了）奶白的鸭汤看起来朴素，喝下去又暖又香！ 🥟12.99-14.99？没仔细看菜单，不一样的饺子和做法价格都不一样 我们吃了韭菜猪肉虾仁和酸菜猪肉的。韭菜的每一只都可以吃到整粒的虾仁！两种饺子应该都有在馅里打高汤，咬开的时候会明显爆汁！饺子皮也软硬适中，本北方人爱了🌹本来是专门来吃烤鸭的，饺子绝对属于意外惊喜！ 好吃爱吃，下次还吃！（店在Evanston，看最后一张图有信息 ,7,#芝加哥美食#芝加哥#烤鸭#芝加哥生活#西北大学#芝加哥留学 #evanston #chicago,Lao Tian Dumpling House,Chinese,2,3,"48,88,12.99,14.99",2025-01-20,171,710,883,75,芝加哥八年吃到最好吃的北京烤鸭！！实话！ - 小红书,40.995,medium,long,9.75438596491228,True,4.152046783625731,5.16374269005848,0.43859649122807015,Monday,False,medium,0.013565891472868217
Hybrid,1,1,310,1,1,越南版的海鲜大排档，在chinatown，离88超市2分钟，门口有停车场 我心目中的top 3 葱油烤蛏子 - 好鲜！ 椒盐蟹 - 蟹被炒的很酥脆，可以直接不吐壳，里面的洋葱和辣椒我都很想打包带走！market price，我们的一只是60刀，还可以做成金沙和葱姜口味 牛油蒜酱炒花螺，牛油好香，螺肉的熟度恰到好处，也有好多种别的口味 葱油烤贵妃蚌很划算，8.95一只可以一切二，图里就是半份的量。但感觉贵妃蚌有在练肌肉，肉有点紧实 火车头和越南辣牛汤粉，都份量大的够四个人吃，建议加1.5刀升级成fresh noodle，好希望可以单点里面的汤，不够喝 蒜蓉通菜有点老；猪肉串可点可不点；龙虾炒饭里面加的是龙虾钳肉，味道不错，但没什么特别；越南春卷普普通通 六个人，海鲜基本吃爽了，主食点多了，加小费人均也才50刀，饱饱 ,7,#生活美食探索 #海鲜 #带你去吃隐藏美食 #吃海鲜我们是认真的 #全球吃喝小分队 #芝加哥美食 #芝加哥必吃 #芝加哥生活 #芝加哥海鲜 #满足中国胃,Ocean Grill & Bar,Vietnam,2,1,50,2025-08-04,106,140,150,11,芝加哥越南菜| 大排档的快乐，海鲜吃到爽 - 小红书,50.0,medium,medium,2.839622641509434,True,1.320754716981132,1.4150943396226414,0.10377358490566038,Monday,False,medium,0.02258064516129032
Hybrid,0,1,463,2,1,麻布刚开业 朋友就拉我来吃了！之前加拿大有 先在芝加哥也有啦 ins story也是看到有朋友发说好吃！所以迫不及待来品尝！ 首先要声明这篇不是推广哦 是真实因为听朋友说好吃才去吃！然后自己也觉得好吃！看到有好几篇帖子说这家店不好吃要避雷 想要帮忙正名一下！所谓的服务态度不好也是空穴来风！我们只是作为很普通的食客进入的！经理和店员的服务态度都很到位！ 我觉得好吃的菜： 👉🏻台式麻辣锅 虽然并不是很辣 但是味道很好～分量也不小，足够我们三个女生吃了，网上所说的锅里只有一根米肠是不存在的 👉🏻芝士黑松露鸡扒焗饭 黑松露脑袋真的超爱！很好吃！ 👉🏻朋友的推荐：牛排+鸡排的combo 说是完全还原国内冰室！ 👉🏻黑松露蘑菇汤 这个真的很香浓很好喝！ 👉🏻夜市盐酥鸡 和国内盐酥鸡味道一模一样！ 👉🏻铁板黑椒起司蒜香牛肉饭 👉🏻招牌麻辣椒麻面 以上两道主菜味道都不错～ 👉🏻宇治抹茶红豆金砖蜜糖吐司 个人认为也是和国内水平差不多的一道甜品 在美国很难吃到！然后个人主观觉得鸡排确实做的一般～不过朋友说好吃！但是菜单上真的有很多想吃的菜，马上准备再去吃了！总的来说还是挺值得打卡的！我们去的那天也没有排队 体验感很好～,10,#芝加哥唐人街麻布 #芝加哥美食 #芝加哥生活#美国西北大学 #西北大学 #芝加哥大学,Mabu Generation,Chinese,2,2,nan,2025-05-11,10000,148,125,12,芝加哥终于不是美食荒漠！麻布冰室开业啦～ - 小红书,,,long,0.0285,False,0.0148,0.0125,0.0012,Sunday,True,medium,0.02159827213822894
Hybrid,0,0,482,3,1,"🦆巷子特色冒烤鸭 巨大一份，感觉是脆皮烤鸭+一整份毛血旺的结合！里面配菜和烤鸭量给的都很足，还捞到了一条脆皮小鸭腿！果然冒菜可以冒万物！不过这家还是挺辣的🥵不能吃辣的一定要少辣 🐟麻麻藤椒脆鲩鱼 在藤椒牛肉和这道菜中间纠结了好久，果然没选错！自从吃过脆鲩鱼之后就刷新了我对鱼类的认知😍吃蚕豆长大的鱼口感弹弹脆脆，里面还放了同样脆脆的黄瓜和木耳🥒藤椒麻麻的口感非常上瘾，一口接一口完全停不下来 🐔特色农家拌鸡 朋友点的 我对鸡肉还好，感觉少了点麻味，不过当凉菜开胃还可以 🍖梅菜扣肉 普通 🌽咸蛋黄焗玉米 好吃！！这个玉米的咸蛋黄金沙外壳沙沙脆脆的，里面的甜玉米粒还会爆汁！在我心里比肉菜还好吃 🥬手撕包菜 没想到一到素菜可以如此下饭！脆脆的包菜咸鲜辣味拉满，和香喷喷的大米饭简直是绝配 🍜巷子特色担担面 刚上桌的时候感觉少了些红油色泽还失望了一下下，没想到好料都藏在面下面，拌匀之后香气直冲天灵盖！！和在重庆吃的担担面一模一样！ 🌶️SzeChuan Alley成都巷子 🌍地址：3141 S Halsted St, Chicago, 店外全是街pa，而且就在芝加哥警察局对面👮越吃越有安全感哈哈哈 之前外卖点过几次感觉少了点店里吃的锅气，你们快去店里吃完来跟我说好不好吃！ ",12,#芝加哥川菜 #芝加哥周末 #芝加哥川菜 #芝加哥探店 #芝加哥中餐 #芝加哥聚餐 #周末去哪儿 #芝加哥川菜 #芝加哥生活,SzeChuan Alley,Chinese,1,3,nan,2024-12-27,31000,583,338,39,近期在芝加哥吃到最下饭的一顿川菜🌶️ - 小红书,,,long,0.03096774193548387,False,0.018806451612903227,0.010903225806451613,0.0012580645161290322,Friday,False,medium,0.024896265560165973
Hybrid,1,1,340,1,1,"朋友找到的这家泰餐，在Lincoln park，真的很好吃！ 📍 Mahanakhon Noodle Bar：2907 N Lincoln Ave, Chicago, IL 60657（p8） 我们两个人点了p1这些菜，除了这两杯饮品无一踩雷。 p2: Stewed beef hotpot: 好吃！小火锅里面有牛筋丸，牛筋，牛肉，豆芽，青菜。我是个特别喜欢吃牛筋的人，这次真的爽吃，炖的很软烂！ p3: Boat noodles: 很入味的汤料，完全没有奇怪的草药味。细米线打底（应该是米线吧？类似粉丝但是比粉丝白），里面也是有牛筋丸，牛筋，牛肉，豆芽，青菜，还有几粒炸猪皮。 p4: Ka Prow Moo：这个其实就是打抛饭，是有点辣的，也很入味很好吃。但是不能吃辣的小伙伴还是别点了。 p5: Kanom Tuay coconut milk custard：很香的椰子味甜点，有两层，上面一层像是薄薄的椰子冻，下面一层像是椰蓉做成的东西，我不知道咋形容。吃多了容易腻，适合多人share。 p6: 绿色的是Thai Iced Green Tea，粉色的是Sala flavored milk，都特别特别甜，报喝。 加上消费后人均消费$50 ",8,#美国生活 #evanston #chicago #芝加哥 #芝加哥生活 #芝加哥美食 #林肯公园 #芝加哥探店 #芝加哥吃喝玩乐,Mahanakhon Noodle Bar,Thailand,2,1,50,2024-10-27,1875,727,812,39,芝加哥这家泰餐真给我吃成巨人观了… - 小红书,50.0,medium,medium,0.8416,True,0.3877333333333333,0.43306666666666666,0.0208,Sunday,True,medium,0.023529411764705882
Hybrid,1,0,137,2,0,韩国朋友安利的这家韩餐诚不欺我[捂嘴笑R] 实在是又良心又用心 太顶了 肉食爱好者们 不枉费我们从普渡驱车快三个小时过来北郊吃 📍Jokbal Night Market Glenview 两个人点了个combo 猪蹄套餐和猪脊骨汤 还有飞鱼籽饭团🍙！ 小菜泡菜什么的一般般 根本吃不完 但是真的好吃 食材够好 量实在太大了啊 打包回家还能吃好几顿的量🤣 会再来的🫡,6,#我的美食电子亲人 #芝加哥 #韩餐,Jokbal Night Market Glenview,Korean,3,1,100/3,2025-11-07,5214,933,948,76,芝加哥韩国人不骗中国人🥹 - 小红书,33.333333333333336,medium,short,0.3753356348293057,False,0.17894131185270426,0.18181818181818182,0.01457614115841964,Friday,False,small,0.043795620437956206
Hybrid,1,0,166,2,0,比肯德基的好吃！比肯德基的好吃！ 比肯德基的好吃太多！ 在北美吃过不少蛋挞 网友推荐果真名不虚传 慕名远道而来 这是最合心意的一家蛋挞 其实我觉得他家东西都挺好吃的 好像是个越南店？我们还点了dumpling 意外好吃 很神奇的味道 不是传统水饺 更像是裹了虾饺皮的口感 尝了就知道了 通心粉里的牛肉末好香 油润油润的 咖啡也不马虎 点餐需要去前台结账。 最后吃的很满足 📍NoodleBird 人均：20,3,#芝加哥#芝加哥蛋挞#芝加哥美食#芝加哥餐厅#芝加哥咖啡厅#芝加哥甜品,NoodleBird,Vietnam,2,3,20,2025-02-22,369,438,479,28,来芝加哥必吃这个蛋挞👉🏻 - 小红书,20.0,low,short,2.5609756097560976,True,1.1869918699186992,1.2981029810298104,0.07588075880758807,Saturday,True,small,0.018072289156626505
Hybrid,0,1,574,1,1,虽然我是个江西人，由于北美完全没有什么江西菜，甚至我自己做的江西菜最好吃，在外面能吃到的最接近家乡菜的就是湘菜，之前还以为波士顿的湘菜水平还可以，直到吃到了芝加哥的湘里乡亲，才知道之前吃的湘菜都是什么鬼，这家才真的是正经常德人开的湘菜！！ 图1️⃣是封神的臭豆腐，不知道这个料主厨是怎么做的，完全就是小时候在国内路边摊吃的味道，而且黑色臭豆腐炸的多孔焦脆，吸饱了料汁再配上香菜榨菜，一口满足。 图2️⃣是满满一锅超大份土鸡汤，用的是小公鸡，还会带鸡血（爱吃血的朋友可以冲了）在北美的朋友都知道鸡血是多么罕见的存在，由于我和我朋友都不爱吃血就全部挑出来了，但是可以得出来是一整只鸡，量多么实在！！ 图3️⃣的虎皮鸡蛋炖排骨，完全就是我小时候的样子，我是感觉虎皮鸡蛋这种东西我多少年没吃到了，完全就是小区楼下家常小炒的样子。 图4️⃣的干锅腊肉炒笋干，完全是湘菜特色，竹笋晒干之后烟熏（江西也爱吃笋干），配上店家自制的烟熏腊肉，非常的香。 图5️⃣的湖南小炒肉，不是大片的切得很薄的猪肉，而且用料酒酱油还有生粉腌过的猪肉丝，我吃到第一口的时候我很震惊，因为和我爸在家做的很像，就是少了点豆豉，但是也无法阻止我狂炫，我吃的最多的就是这道菜。 图6️⃣里的肉沫蒸豆腐，算是最一般的菜，可能我没法get蒸菜，仅代表个人意见，不同意的朋友评论区可以反驳！ 店名是湘里乡亲，在芝加哥chinatown，强调一下表示重视。,6,#芝加哥美食 #波士顿留子又震惊了#波士顿吃的都是什么鬼,Happy Café,Chinese,1,1,nan,2025-11-18,201,271,277,101,全北美最好吃的湘菜竟然在芝加哥 - 小红书,,,long,3.228855721393035,True,1.3482587064676617,1.3781094527363185,0.5024875621890548,Tuesday,False,small,0.010452961672473868
Hybrid,1,0,723,2,1,这家 Gyumon 这个价位端上来的肉盘，真的被惊到！一上桌就能看出来雪花均匀、切面整齐，没有水感也没有暗边。像牛肋排、牛板腱这种厚切部位，油脂层次很清楚，看起来就不是靠腌料撑场的肉。放在美式自助烤肉价位里，很能打。 套餐分三档：Silver $35 Gold $45 Diamond $55 周一到周四全天优惠：所有 AYCE 档位直接再➖$10！ 🌟65岁以上和小朋友优惠详见【评论区】！ 我们选的Gold tier。主要多了 Wagyu short rib牛肋排、top blade牛板腱、wagyu filet mignon、薄切牛舌、雪花和牛，还有寿司比如三文鱼手握、辣金枪鱼手握、黄尾鱼尖椒手握。 最有记忆点的是Wagyu short rib牛肋排。烤网上边缘微焦的时候翻面，吃进去入口即化的感觉，油脂刚好，这一盘基本是全桌一致好评。 牛板腱（Top blade）有一点弹性，慢慢有一股自然的甜味出来，不是腌出来的，是肉本身的味道。 寿司我们点的是三文鱼手握 + 辣金枪鱼手握。辣金枪鱼是很细腻，拌得很均匀的口感，辣度刚好，不会盖住鱼味，反而让油脂感更明显。米饭松而不散。吃辣星人真的很喜欢辣金枪鱼的。吃完一轮又点了一轮。 这次还点了：Wagyu filet mignon很嫩 轻烤就够 薄切牛舌（卷起来刚好熟） spicy pork belly honey chicken 每一盘状态都很稳定，没有哪一盘明显随便。能感觉到他们在分切和出品上是有标准的，而不是靠数量取胜。 很意外的是，这里还能点 UniUni 奶茶！可以吃到后半段点刚刚好！还有套餐里的花甲粉丝、烤饺子烤红薯在后段也可以做收尾小菜 整体下来会觉得：这个价位 + 这个肉质 + 这个稳定度，在芝加哥日式烤肉自助里很有竞争力。服务也很加分。换盘空盘都不用特意喊。新肉很快补上，桌面一直保持干净。 这家 Gyumon 在 OakPark，离 downtown 大概20分钟，在本地商圈，吃完还能顺路逛逛。店里空间很宽敞。来吃的基本都是本地客人，整体氛围很安静。,17,#芝加哥生活 #海外美食攻略 #北美生活 #大口吃肉超满足 #和牛#芝加哥美食 #留学生探店 #肉食主义者 #牛排 #BBQ,Gyumon,Japanese,1,1,"25,35,45",2026-01-30,1258,223,110,6,芝加哥宝藏性价比日式烧肉实测｜牛门Gyumon - 小红书,35.0,medium,long,0.26947535771065184,False,0.17726550079491257,0.08744038155802862,0.0047694753577106515,Friday,False,large,0.02351313969571231
Hybrid,0,0,438,3,1,最近打卡了Nonnina 本来是想去Ciccio Mio的 但也是临时起意 没有预约 大概率需要等很久就放弃了 老样子 第1⃣️道菜每次必点calamari 我们点的是油炸的 里面搭配了炸的小扇贝、西葫芦、还有柠檬（菜单上写了还有shrimp但是我咋感觉没吃到）裹的面粉也没有很厚重 好评 当然 个人觉得这道菜的重中之重是它的酱汁 basil pesto caper dressing 有一点像美乃滋+蒜的味道 但是是绿色的 很新奇 第2⃣️道菜 Chicken & Spinach Pizza 吃多了经典的Margherita 决定换换口味 非常正宗的意式薄底pizza 可以感觉到用的芝士品质较好 鸡肉也不会腥 但crust烤的气泡不够大 没有Quartino的酥脆 不过总体来说还是非常可以的 第3⃣️道菜 Roasted Duck 鸭胸肉非常嫩 火候掌握得恰到好处 搭配着慢炖的鸭腿肉酱 不会切不动或嚼不碎 配菜有花椰菜、芝麻菜和贝卢加扁豆 第4⃣️道菜 Bucatini 经典的黑松露蘑菇意面 配了一颗蛋黄是点睛之笔 用的是空心的意面 所以吃起来口感很轻盈！ 第5⃣️道菜 Squid Ink Spaghetti 之前在别家吃过的墨鱼汁意面有一点腥 但这个完全没有！里面搭配了虾和龙虾肉 还添加了一点辣酱（我觉得有点像trader joes那款网红辣酱的味道哈哈哈）层次一下子丰富了起来 总之点的这几道菜没有踩雷的～分量大也很实惠～可以回头 ,6,#芝加哥 #芝加哥美食 #芝加哥意大利餐厅,Nonnina,Italian,2,1,nan,2023-07-20,127,285,313,4,芝加哥意式餐厅｜Nonnina - 小红书,,,long,4.74015748031496,True,2.2440944881889764,2.4645669291338583,0.031496062992125984,Thursday,False,small,0.0136986301369863
Hybrid,0,0,379,3,1,每一次去光盘行动 点了两盘risotto都吃光了 因为太好吃了 😭😭 环境：餐厅门口有街边停车 老城街区也很蛮安全！整体的装修很复古 适合拍照约会(^-^) 点单：每一次去都会点海鲜烩饭🦞 里面有crab meat+shrimp+clam+每一口肉都特别多汁好吃 有很多很多口蟹肉 吃不完的感觉！意大利米也非常creamy：）每次上桌都是热乎乎的 天冷的时候配☕️/🍷都很不错😉 鱿鱼 有炸的和蒸的 我个人会更喜欢蒸的酱汁 酸酸的很衬鱿鱼的鲜味 而且口感属于入口很滑嫩 但嚼起来也有自然的Q弹感 gnocchi 不多说了。大家都去尝试这个土豆搓出来的小面团！！！traderjoe 有速冻微波炉版我就很爱吃 到餐厅里吃到现做的才发现口感差距真的很大💔 gnocchi有很香的碳水甜味 土豆被揉煮成了小团子 一口咬下去想很糯很实的面团 有一点点一点点糯米皮的质感 很推荐！ 这一次开车没看酒单 上次waiter根据口味给我们很认真的推荐了红酒 也确实很搭配！ ps：他们家意大利黑醋 有一种上瘾的味道….有没有朋友知道在哪里可以买呀！！！！餐厅不卖的哦🥹 ,8,#光盘行动#太好吃了#鱿鱼#gnocchi#traderjoe#红酒#意大利黑醋#芝加哥美食 #topogigio #risotto,Topo Gigio,Italian,3,1,nan,2024-10-27,57000,325,294,13,芝加哥必吃的意大利餐❗️(吃光无数盘:3 - 小红书,,,medium,0.011087719298245613,False,0.005701754385964913,0.005157894736842105,0.0002280701754385965,Sunday,True,medium,0.021108179419525065
Hybrid,0,1,329,3,1,"超级超级好吃+正宗+性价比高！ 份量都很大，建议少点一些！ —————— 1️⃣ 炙烤海鲜杂烩 🥗 Grigliata Mista 非常符合中国胃的一道Appetizer！被火烤过的扇贝、鱿鱼和大虾有一股炭火香，鱿鱼圈和鱿鱼须的部分竟然做出了不同的口感！ 底部的橄榄油黑醋汁是灵魂，蘸面包也很好吃 这道菜凉的版本是Volare Signature Insalata di Mare，两个可以二选一 - 2️⃣ 番茄奶油墨鱼汁意面🍝Spaghetti Neri al Pesce 一定一定要点！ 咸甜口的番茄奶油汁实在太太太香了！！除了扇贝和虾之外，酱汁里还有不少蟹肉，让人一口都不想放过。墨鱼面口感很有筋道，爱住！ 这道可以和墨鱼汁烩饭二选一 - 3️⃣ 杏仁冰糕 🍮 Almond Semifreddo 他们家甜点被推的最多的还是提拉米苏和焦糖布蕾。我们点了没试过的Semifreddo，甜度不高而且杏仁味很浓很香，迅速就被瓜分完毕！ —————— 点赞+收藏+关注，和我一起在🇺🇸吃吃喝喝 💛店名：Volare Ristorante Italiano 📍地点：201 E Grand Ave, Chicago, IL 60611",5,#芝加哥 #芝加哥生活 #芝加哥美食 #芝加哥探店 #芝加哥旅游 #芝加哥美食探店 #芝加哥美食推荐 #芝加哥网红餐厅 #芝加哥周末 #芝加哥玩乐 #芝加哥意大利餐厅 #芝加哥海鲜餐厅 #chicago,Volare Ristorante Italiano,Italian,2,1,nan,2022-08-14,25000,1993,2897,47,芝加哥｜🍝 都给我去吃这家意大利餐厅！！ - 小红书,,,medium,0.19748,False,0.07972,0.11588,0.00188,Sunday,True,small,0.015197568389057751
Hybrid,0,0,27,1,0,美味无须多言，从dt开一个小时被我们一致评为芝加哥韩餐no.1,4,#韩餐 #芝加哥韩餐,,Korean,1,1,nan,2025-10-15,410,190,187,23,芝加哥酱蟹｜难以想象世界上竟有如此美味 - 小红书,,,short,0.975609756097561,True,0.4634146341463415,0.4560975609756098,0.05609756097560976,Wednesday,False,small,0.14814814814814814
Hybrid,1,1,311,1,1,"结论：五星推荐 没有一道菜是踩雷的 而且味道够泰够辣够酸 分量多的街边小吃vibe 菜品选择也丰富 总体比JJ thai优秀 荣登我心里芝加哥第一泰餐 这家店如果是small party没有办法预约 我们周六晚上六点半左右到的 排队排了40分钟左右 周围有一些小街可以逛下 餐厅座位不多 所以如果不想排队的话可能要周末早点去 🌶️tiger cry - 肉质嫩 sauce酸甜口(酸偏多) 作为开胃菜很合适 🌶️ka prow moo kron - 吃泰餐必点的pork belly 很crispy 但可惜配的那小坨饭没有很好吃 🌶️tom yum - 芝加哥一到冬天就想喝汤 每次去吃泰餐点冬阴就怕不够味 tuk tuk的这碗汤够酸够爽 🌶️🌶️🌶️pad kee mao - 朋友点的比pad thai粗一点的粉 原本以为不怎么辣 结果超辣 但很好吃 有点街边炒粉的感觉 🥰thai ice tea - tuk tuk的可以调甜度 调完light sweet好好喝又解辣 下次要去吃coconut ice cream! 🇹🇭 Tuk Tuk Thai Isan Street Food 2852 N Clark St, Chicago, IL 60657 🌶️~70/person 吃超撑",6,#芝加哥生活 #芝加哥美食 #芝加哥探店 #芝加哥玩乐 #芝加哥大学 #芝加哥旅游 #芝加哥周边 #chicago,Tuk Tuk Thai ,Thailand,2,1,70,2024-02-07,52,361,396,31,芝加哥·新晋第一泰餐Tuk Tuk Thai 🇹🇭 - 小红书,70.0,high,medium,15.153846153846153,True,6.9423076923076925,7.615384615384615,0.5961538461538461,Wednesday,False,small,0.01929260450160772
Hybrid,1,1,571,1,1,上周去吃了尚厨，太好吃了。。。便宜好吃，服务也好，写个辣评 -荷香龙虾糯米饭 龙虾很鲜甜，火候也恰到好处，柔软的肉感觉像吃甜品一样，完全不会感觉负担。但糯米饭的调味差一点点，有点拖累龙虾了。虽然价格值得，但本穷人还是觉得有点贵，下次可能不会再点惹，但第一次吃/人多/有钱的话还是推荐尝尝 -猪肚鸡 没吃过正宗的，之前只吃过海底捞和乔林的猪肚鸡锅底，但和火锅店的猪肚鸡完全不是一个物种啊！没吃过猪肚鸡的人生错过了很多。。。（好想在里面涮白菜啊）很便宜，一大盆才不到三十刀 -椰香金沙瓜 首先这个和椰香没啥关系，纯纯咸蛋黄南瓜。我不吃咸蛋黄，但据朋友说巨好吃，推荐错了的话不要怪我，全都怪她！ -尖椒炒猪颈肉 Omg，这也太好吃了吧，本精神东北人认证，这简直太好吃了！！！上来两分钟就被吃完，我都不知道该怎么形容他最贴切，但吃到的一瞬间感觉自己坐在东北路边的小馆子里。太好吃了！一切都恰到好处，求求大家去吃！！ -腊肉炒菜花 不太好吃，对不起… 甜品 有几个甜品缺货，所以我们就把有的全都点了 -杨枝甘露 不好吃，果浆的部分太腻，芒果块又涩得难以入口，两者生硬地融合在一起就仿佛我被甜美的消费主义所蒙蔽的痛苦人生一样。不是很推荐 -双皮奶 说到底我也没吃过正宗的双皮奶…不过挺好吃的，小时候奶片的味道 -香芋西米露 全场甜品最佳！好吃糖水 -还有一个忘记叫啥了，反正和香芋西米露味道差不多,6,#芝加哥 #芝加哥美食 ,Wing Yip,Chinese,3,1,nan,2022-11-13,265,562,739,28,芝加哥原来有这么好吃的中餐｜厨尚Wing Yip - 小红书,,,long,5.0150943396226415,True,2.120754716981132,2.788679245283019,0.10566037735849057,Sunday,True,small,0.010507880910683012
Hybrid,1,1,407,1,1,📍Han Bat Restaurant Lincoln square附近 . 虽然离城里很远，我还是没经得住肉汤的诱惑… . 超级超级便宜，除了牛尾汤其他的都$10左右，牛尾汤$27 店面很小，顾客除了我们都是韩国人，非常非常正宗的点在于老板基本不会说英语 . 听说他家炖汤24小时不关火，汤非常白，口感比自己家里顿两三个小时的那种要稠，而且没加任何调料，上菜的时候会上一盘盐、葱花，自己调味，适合我这种口味非常非常清淡的 碗好大，小菜量也很足，kimchi真的味道很正宗！ . 很推荐牛尾汤，虽然比较贵，但他家牛尾真的一！点！都！不！肥！我家每次在中超买的牛尾都好肥，炖出来表面一层厚厚的油。他家的牛尾又软烂又瘦，一点都不腻 Brisket汤也不错，但我不太喜欢我点的tendon，因为炖的时间久已经没有嚼劲了，软软的有点像在吃大肥肉…… . 韩国移民阿姨开的良心店，很多顾客进来都跟他们打招呼，老顾客超多。要是我住的近肯定也会经常去，毕竟才十几刀的高汤真的舒服😌 . 什么时候芝加哥也能有个“瓦罐汤”店，慢熬土鸡、参鸡、乌鸡…… 突然想辞职熬汤了,1,,Han Bat Restaurant,Korean,2,1,nan,2021-06-02,4264,230,254,17,芝加哥｜24小时不熄火的牛肉汤，你看这碗它… - 小红书,,,long,0.1174953095684803,False,0.053939962476547844,0.05956848030018762,0.00398686679174484,Wednesday,False,small,0.002457002457002457
Hybrid,1,0,758,2,1,上周听泰国朋友说Krung Thep老板开新店了！前年Lisa来芝加哥的时候打卡了他们家。还发了story盛赞出品的正宗。老板的新店主打街头小吃，已在朋友心中封神，一个星期连吃了两趟。她强推了这几道菜，有些是芝加哥独一无二的菜品，另一些是虽然有类似，但是他家做得最正宗！ 🦐Kung Phao Ayutthaya - 焗烤泰国长臂大虾 朋友都惊了，长臂大虾出了泰国很难找，不知道店家怎么搞来美中的。大虾肉多膏满，虾肉鲜甜紧实。配上清口的青酱，满足感直接max。 🦩💖Yentafo 我的坠爱！腐乳酱把汤头吊成粉红色，口感酸辣鲜甜。最爱的是其中的粿条。形状很像簇拥的白木耳，一口下去的爽脆让人惊喜又过瘾。 🚢Boat Noodles 经历了Yentafo的酣畅淋漓，续上一碗浓郁牛肉味的船面简直完美。肉汤注入了香料炖煮，口感丰富。面上加入了软烂的牛腩，猪血，炸得超脆的猪皮，堆得满满当当，每口下去都是稳稳的幸福感。 🍜Penang curry crispy noodles 以红椒为底佐以各香料捣制出的浓郁咖喱。混合了椰汁，口感滑润浓厚，咖喱中的酥肉肥瘦相间。如果配上一碗白米饭感觉会更加满足！ 🥩Sukhothai Tom Yum 汤底加入了花生碎非常提香。整体酸辣交织，肉香四溢。配以叉烧，肉沫，和虾，风味丰富。豆角更是点睛之笔，口感生动。 🍦Itim Kati 冰淇淋 坚果雪糕是他家自制的，比jenis还要浓厚。配了三杯小料: 海底椰，玉米，面包糠。味感真的很绝，尤其是海底椰，吃起来像稍微冻硬的，水软的荔枝冻。 最后因为他们还在试营业，结账打了9折。4个人一顿才吃了一百零几刀。趁口碑还没传开，不用排队前，得多吃几次~ - 几个可爱小故事：老板说自己一直是某个lisa粉团的主席，所以当lisa来他饭店吃饭的时候，他原地梦想成真。 老板做这家店的初衷是自己很自豪于泰国的小吃摊文化。但泰国一个小吃摊只会做一样菜，因为食材和香料的配比复杂。所以把各种小吃汇聚在一个餐厅很难控制成本，但他还是做到了，又一个梦想成真！不知道他拜的哪路神仙这么管用，下次去的时候我要打听打听。 店名：Mahanakhon Noodle Bar ,9,#我是美食活地图#芝加哥 #芝加哥生活 #lisa #blackpink,Mahanakhon Noodle Bar,Thailand,2,1,109/4,2024-07-18,1777,397,579,17,芝加哥| 我心中TOP1的泰菜新店，好吃又讲究 - 小红书,27.25,medium,long,0.5588069780528981,False,0.22341024198086662,0.32583005064715814,0.009566685424873381,Thursday,False,medium,0.011873350923482849
Hybrid,0,1,297,1,1,谁能想到这一口咖啡奶油泡芙的balance程度 在HaiSous这家毫无争议的越南餐厅吃到了 太爱他们家的cookie crust咖啡奶油泡芙了！ 还有主厨的招牌 脆皮鸡翅 炸得直呼内行 不太需要用言语来形容（词穷了 图里其他的几样菜品也是放心点不踩雷的 图6-8是主厨新增的招牌Bánh Canh Cua 蟹肉粗米粉汤 注意是粗米粉！ 很特别很舒服 但绝不是米线的口感 里面的炸虾饼层次超丰富 回口还有层次的🤫 海边长大的孩子觉得能compete家里好吃的鱼饼 会配一小段油条 油条说实话比较一般 浸入汤汁更佳[捂嘴笑R] 图9的青木瓜沙拉也很特别 加了牛肉干 口感调得非常balanced 有点惊艳且清爽好吃！ 喝的随便点个越南奶咖和黑叶荔枝红茶都会很搭 有质感的 也真的很良心用心 环境氛围也不错 周日限定的brunch也比较满座 常爱常吃,12,#我的美食电子亲人 #芝加哥 #越南菜 #甜品 #留子 #留子的命也是命 #留学生干饭 #私藏,HaiSous,Vietnam,1,1,nan,2025-12-14,5235,249,251,18,芝加哥人生咖啡奶油泡芙在最爱的越南餐厅！ - 小红书,,,medium,0.09894937917860554,False,0.04756446991404011,0.047946513849092647,0.0034383954154727794,Sunday,True,medium,0.04040404040404041
Hybrid,1,0,543,2,1,"在芝加哥市区终于发现了好吃高性价比的日料，$20+的chirashi don再也不用跑去Chicago Sushi就能拥有啦！Dodomi Sushi Rotary，他家的单点菜单惊喜超值，有很多创意！ 鳗鱼乌冬 🌟🌟🌟🌟🌟 鳗鱼外酥内嫩酱汁鲜甜，乌冬面q弹有嚼劲，两者融合在一起意外好吃。一份只要$13.95！我们额外➕了5块钱的鳗鱼，量超大，过瘾。 捞汁三文鱼 (Dodomi Salmon) 🌟🌟🌟🌟🌟 谁能想到能在日料店吃到捞汁三文鱼啊哈哈哈，肉肉依然给得很足，泰式捞汁酸酸甜甜再加一丢丢微微辣，把三文鱼的鲜美很好地体现出来，每一条肉肉都超长，大口炫肉超级爽！ 肥三文鱼刺身 🌟🌟🌟🌟🌟 很肥美的鱼肚腩，切得也超厚实，油脂在嘴里爆开，这感觉对了～只要8块钱就有4大块，你没看错！ 金枪鱼tartare 🌟🌟🌟🌟🌟 鱼生和牛油果都很新鲜，整道菜品也很精致。 三文鱼冰淇淋寿司 🌟🌟🌟🌟 意外很不错呢，三文鱼+香草冰淇淋，再加上点芥末酱油，想尝试创意菜的小伙伴们可以试试。 另外，$24.99的寿司饭我就不多说了，金枪鱼三文鱼鳗鱼带子等都有，用量新鲜丰富，本来看着价位以为份量会很少，没想到都很足量，感觉比之前的食堂umai更具性价比，味道也很符合我的口味，酸度咸度恰到好处。😋 店选址在uptown，装修得很温馨，有许愿树可以挂祈福牌，门口就有停车位。现在有开业优惠，整单85折，非常划算。听说周中中午还有$25.99刀自助适合大家来薅羊毛，不过打工人无福享受了啊哈哈哈。有兴趣的小伙伴们赶紧试试呀～ Dodomi Sushi Rotary 4521 N Sheridan Rd, Chicago, IL 60640 ",9,#日料 #餐厅推荐 #芝加哥美食 ,Dodomi Sushi Rotary,Japanese,1,1,25.99,2024-06-28,1524,305,332,16,芝加哥市区性价比超高日料|Dodomi🍣 - 小红书,25.99,medium,long,0.4284776902887139,False,0.2001312335958005,0.2178477690288714,0.010498687664041995,Friday,False,medium,0.016574585635359115
Hybrid,0,1,387,1,1,终于轮到我吃南来北往了，实在是太棒了👏👏 谷歌地图直接搜就有，但英文名是Uncle Zhang Chinese Cuisine，不在中国城里，开车五分钟之内 🌟重要的事先说： 油条和咸豆腐脑只有周六日的下午三点前有‼️其他时间没有 图1/2🥞煎饼果子 实在是太好吃了，我没去过东北，但是在国内其他地方吃的煎饼果子皮都比较厚，这家的饼皮真的超薄，夸张点说比越南春卷的皮还薄，配上鸡蛋，口感特别软嫩！！必须吃！薄脆给的也多！里面刷的酱有种豆瓣酱和甜面酱混合后的口感，酱刷多的地方还是有点咸的，怕咸的小伙伴可以要求刷少点 图3🦴溜双段 只想吃溜肉段，但这家里面是虾仁和猪肉双溜，没办法👐味道没有酸味，就是略微的咸味！猪肉段给的量特别足，一点都不敷衍，纯肉少淀粉干的就是爽！ 图🌱冬菇白菜 特别特别爽口的做法，比其他中餐炒出来的素菜油少勾的芡粉也少。可以选这个当素菜哦 图5🌶️火爆腰花 后厨切菜师傅刀工666，腰花片的特别漂亮。我们吃的这盘腰花稍微有点老，但是味很正。,5,#芝加哥美食 #芝加哥旅游 #芝加哥南来北往 #芝加哥生活 #芝加哥留学 #芝加哥必吃 #一家被找疯了的店 #探店 #芝加哥吃什么 #芝加哥东北菜,Uncle Zhang Chinese Cuisine,Chinese,2,3,nan,2024-01-01,149,398,512,34,芝加哥特产🥤必须来这家店！ - 小红书,,,medium,6.3355704697986575,True,2.6711409395973154,3.436241610738255,0.22818791946308725,Monday,False,small,0.012919896640826873
Hybrid,1,1,410,1,1,在芝加哥吃了七八九十次Volare后找到了替代餐厅🍴 Volare感觉已经吃成了食堂 男朋友每个来芝加哥的朋友都自行订在这个餐厅吃的程度！ 我们吃多了之后现在非常固定就只点烤小海鲜Volare Signature Insalata di Mare（这个烤海鲜发挥非常不稳定 有时候咸的要命）+墨鱼面Spaghetti Neri al Pesce+墨鱼饭Volare Risotti+当日special+提拉米苏和布蕾轮着点 由于我还是看不懂那个菜单 所以我都是照着价格找菜 反正海鲜27意面38焗饭33 倒背如流！ 另外还点过龙虾意面/千层面/red snaper 这三个很普通❌ 黑松露披萨/羊排 推荐☑️ 甜品：目前菜单上所有甜品都吃过 提拉米苏反正每次必点 布蕾很香也推荐 提拉米苏一份够两人吃 布蕾就是一人份 banana bread pudding不是布丁 是软软的面包（我是土狗不知道没吃过）反正我不爱吃 巧克力常规款和special款都很甜 ❌ ⚠️本文重点：volare替代➡️topo gigio（乱讲的因为我只吃过一次 但是我感觉还挺好吃而且比volare便宜） 推荐： 炸鱿鱼（是fritti那个不是alla grilia那个）很大一份 面粉也薄 海鲜烩饭RISOTTO FRUTTI di MARE DELLE MARCHE 巨大一份才30刀 很多蟹肉！奶油口的 贝壳面CONCHIGLIE alla SARDA 辣口的还有青豆 好吃😋 提拉米苏也挺好吃的 ,1,#芝加哥 #芝加哥探店 #芝加哥美食 #芝加哥旅游,Topo Gigio,Italian,3,1,nan,2024-03-10,205,382,484,11,在芝加哥吃了七八九十次Volare后找到了替代餐厅🍴 Volare感觉已经吃成了食堂 男朋友每个来芝加哥的朋友都自行订在这个餐厅吃的程度！ 我们吃多了之后现在非常固定就只点烤小海鲜Volare Signature Insalata di Mare（这个烤海鲜发挥非常不稳定 有时候咸的要命）+墨鱼面Spaghetti Neri al Pesce+墨鱼饭Volare Risotti+当日special+提拉米苏和布蕾轮着点 由于我还是看不懂那个菜单 所以我都是照着价格找菜 反正海鲜27意面38焗饭33 倒背如流！ 另外还点过龙虾意面/千层面/red snaper 这三个很普通❌ 黑松露披萨/羊排 推荐☑️ 甜品：目前菜单上所有甜品都吃过 提拉米苏反正每次必点 布蕾很香也推荐 提拉米苏一份够两人吃 布蕾就是一人份 banana bread pudding不是布丁 是软软的面包（我是土狗不知道没吃过）反正我不爱吃 巧克力常规款和special款都很甜 ❌ ⚠️本文重点：volare替代➡️topo gigio（乱讲的因为我只吃过一次 但是我感觉还挺好吃而且比volare便宜） 推荐： 炸鱿鱼（是fritti那个不是alla grilia那个）很大一份 面粉也薄 海鲜烩饭RISOTTO FRUTTI di MARE DELLE MARCHE 巨大一份才30刀 很多蟹肉！奶油口的 贝壳面CONCHIGLIE alla SARDA 辣口的还有青豆 好吃😋 提拉米苏也挺好吃的 #芝加哥 #芝加哥探店 #芝加哥美食 #芝加哥旅游 - 小红书,,,long,4.278048780487805,True,1.8634146341463416,2.3609756097560974,0.05365853658536585,Sunday,True,small,0.0024390243902439024
Hybrid,0,0,499,1,1,"又是因为拖延症现在才写出来的韩国烤肉/火锅店🥹去年十二月搬家以后很想在周围找点亚洲餐吃，第一个出现的高分review餐厅就是这里了～ 🍄图一到四是店里强烈推荐的蘑菇火锅～里面确实有各式蘑菇，但需要提醒大家的是确实没有太多珍贵的菌种，大部分也是亚洲超市或者farmer’s market能买到的种类。好处是确实用来下火锅很鲜美。店里提供的套餐还可以选择是否加肉，感觉先下蘑菇作为锅底再来煮肉和蔬菜格外好吃，但如果能有中国火锅店的蘸料就更好了。 🍄图五是店里不管点火锅还是烤肉都会送的小菜～ 🍄图六是店里的烤肉套餐～肉的品质要比城里很多家烤肉店好多啦～腌过的肉需要自己动手剪剪，但很入味很棒～ 🍄还点了菜单上的蒸鮟鱇鱼～第一次去没有吃到，因为店家说要提前通知第二次去终于提前点了，但吃起来有点失望，并不是想象中的清蒸，而更像用了韩国泡菜爆炒鱼肉。好吃是好吃，但还是有点不符合预期吧。 因为带着爸妈一起去，所以被店家当做了韩国人热情的讲韩文（？）第二次去正好是圣诞节，他们却还是正常开门，不愧是认真工作的亚裔。话说第一次去吃火锅没吃完，他们跟我说打包盒要收费，但第二次没遇到这种情况，不知道为什么政策会不consistent，大家留意一下吧。 Chicago Galbi House：340 W Half Day Rd, Buffalo Grove, IL 60089",6,#爱吃的夏天喵 #奔赴一场冬日火锅局 #芝加哥探店 #芝加哥 #芝加哥美食 #芝加哥生活 #冬天的第一顿火锅 #菌子火锅 #地球村食评人大赛 #美洲狂欢角,Chicago Galbi House,Korean,1,1,nan,2025-08-04,3998,229,224,12,芝加哥郊区菌子火锅—Chicago Galbi House - 小红书,,,long,0.11630815407703853,False,0.05727863931965983,0.0560280140070035,0.0030015007503751876,Monday,False,small,0.012024048096192385
Hybrid,0,0,219,1,0,回国一个月郎了三次后念念不忘。。上周发现south loop和中国城都有回转寿司—老己必须火速来品尝尝尝。 没想到超惊喜！最喜欢的是火炙虾寿司！！图片里红盘子的那个也挺好吃的！还有一款白色的鱼上面有黑松露的也好吃！ 小食的话推荐天妇罗—超大一份，蔬菜炸的很香。 烤鱼非常嫩+入味，也很值得点。有人说软壳蟹有点腥味，但是我沾了酱油+柠檬汁完全没觉得。 不建议点焦糖布蕾-太大一份了，三个人都吃不完。 寿司炸物吃多了腻，但是他家茉莉花茶超级好喝哦！ 完全不用点可乐！！就喝茶 ,6, #芝加哥 #芝加哥探店 #芝加哥中餐 #芝加哥大学 #芝加哥中寿司 #团仔带你吃喝玩乐  #饭团外卖11周年 #回转寿司 #芝加哥大学,SushiPlus,Japanese,1,1,nan,2026-01-21,1478,228,136,39,芝加哥终于可以郎一下！回转寿司吃到爽了！ - 小红书,,,medium,0.27266576454668473,False,0.15426251691474965,0.09201623815967523,0.02638700947225981,Wednesday,False,small,0.0273972602739726
Hybrid,0,0,402,1,1,"自从疫情开始，我超爱的taco店就只做外卖了。前段时间听朋友说他们的其中一家店重新开堂食了，就立刻安排了早餐。 🌮图一就是大名鼎鼎的周末特供牛肚汤Menudo（发音也真的像焖牛肚！）香辣牛肚浸泡在热乎乎的汤中，店员还会用磕磕绊绊的英文询问客人是否想在牛肚汤加蹄子，那必然是要加的！一口下去都是满满的胶原蛋白的胶质感～ 🌮图二是店里的炸猪皮，也是给等位的客人们的小零食。 🌮图三四五是店里的猪肉，可以按磅购买。猪肉的各个部分都有（不过好像没见到过大小肠），而且如果有不喜欢的部位可以告诉服务生，比如猪皮之类的。肉上桌后可以用玉米饼和图六的青红莎莎酱以及洋葱香菜自行搭配。 🌮图八是conrunda，算是墨西哥粽子（tamale的一种）。店里提供芝士和芝士+菠菜两种馅料的conrunda，外带酸奶油，芝士和辣酱三种不同topping加在上面吃。 Carnitas Uruapan一共有两家，我去的是55街那家，地方相对大一些，而且也相对干净。不过如果只是打包带回家吃的话，18街的会相对近一些。 Carnitas Uruapan：2813 W 55th St, Chicago, IL 60632 ",9,#爱吃的夏天喵 #全球吃喝小分队 #芝加哥生活 #芝加哥美食 #芝加哥探店 #墨西哥牛肚汤 #美食日常 #我的美食日记 #芝加哥 #全球吃喝小分队,Carnitas Uruapan,Mexico,1,2,nan,2024-04-29,3998,522,487,10,芝加哥｜提神醒脑牛肚汤—Carnitas Uruapan - 小红书,,,long,0.2548774387193597,False,0.13056528264132067,0.12181090545272637,0.0025012506253126563,Monday,False,medium,0.022388059701492536
Hybrid,0,1,484,1,1,被称作汉堡天花板的Au Cheval 算得上是芝加哥最火最有名的餐厅之一了，这次终于来吃了[亲一个R] . 🍳Foie & Scramble Egg 鹅肝滑蛋 🌟🌟🌟🌟🌟 滑蛋加入了大量黄油，嫩滑细腻，奶香十足[亲一个R]。顶部大块的鹅肝混合焦糖洋葱酱，微甜带出丰润脂香。全部放在用黄油煎过的外脆内软的吐司上，吐司被酱汁微微浸润，吃一口就原谅了他的热量[超喜欢R] 🍔Double Cheese Burger + Egg + Bacon 满级汉堡 🌟🌟🌟🌟🌟 三层牛肉饼+流心煎蛋+厚切培根，看得让人瞳孔地震[心心眼R] 快准狠的一下把鸡蛋盖上，蛋黄爆破，随着肉汁不断流下，饭张力拉满！[心心眼R][心心眼R][心心眼R] 汉堡要上手才有灵魂嘛！准备好张大嘴，一口下去，松软香甜的布里欧修面包夹着焦脆多汁的牛肉饼与足以擦边叉烧的培根，黄油芝士的浓香与培根牛肉的荤香由着蛋黄瞬间充满口腔，香气极具爆发力，又因为酸黄瓜与酱汁不会让人觉得油腻，真是具有欺骗性的让人觉得热量不高[超喜欢R] 🍰Mille-Feuille 拿破仑 🌟🌟🌟✨ 小山一般高的拿破仑，酥皮层层分明，轻轻一敲便碎得得干脆利落。夹层奶油打得偏硬，冰冰凉凉，肉眼可见的香草籽用料实在，奶甜不腻，但吃几口还是蛮顶的 点了半份Green Salad实在是太酸了，酸到腻[嘻嘻R] . 只有walk-in，我们是周末11点半到的，等了大概10分钟，不算太慢 ,11,#地球村食评人大赛 #心头好美食拯救计划 #小城绝世小神店 #值得为吃而去的小城 #古早way #食堂解密者 #市井食探 #美洲狂欢角 @吃货薯 #圆周旅迹 #J人旅行指南,Au Cheval ,America,3,1,nan,2025-04-24,5123,350,346,18,芝加哥｜汉堡天花板🍔 - 小红书,,,long,0.13937146203396447,False,0.06831934413429631,0.06753855162990435,0.0035135662697638103,Thursday,False,medium,0.022727272727272728
Hybrid,0,0,158,1,0,他家真的可以和Volare打一打🥹 他家的海鲜饭真的很绝！里面满满蟹肉，可以平替一下我们江浙沪的梭子蟹拌饭，料比饭多谁懂啊！！ fried calamari也是一绝，脆皮裹的好轻盈，鱿鱼超新鲜！ 当日限定的白巧克力树莓蛋糕看起来来普普但味道真的很绝，朴实又好吃 每日的汤味道也不错，盲点不踩雷 提拉米苏警察表示所有人推荐的提拉米苏感觉倒是不太好吃，没什么必要点 ,10,#意大利菜 #芝加哥美食推荐,Topo Gigio,Italian,3,1,nan,2024-08-11,1231,808,1180,35,芝加哥｜Topo Gigio封神蟹肉海鲜饭 - 小红书,,,short,1.6433793663688059,True,0.6563769293257514,0.958570268074736,0.02843216896831844,Sunday,True,medium,0.06329113924050633
Hybrid,0,0,369,1,1,"周末打完球来吃了这家最近芝加哥很火的泰餐。门店小小的，看着很像家庭餐厅👪 店里没有在等的客人，但是收桌子收了40分钟，慢到我都想冲上去帮他收桌子了 anyway 推荐几个我觉得很好吃的特色菜 前菜 🥗 Sun Dried Beef：微咸牛肉干，梦回国内小食街。搭配甜酸酱，一秒再穿越泰国🇹🇭 Fried Fish Ball：学校校门口的味道！鱼丸是那种老式鱼丸的味道，鲜味很浓郁 主食 🍛 Duck Red Curry：巨爱❤️个人觉得比榴莲咖喱好吃！酥脆鸭肉搭配荔枝真的很神奇，有点咸有点甜，不会腻的口感。咖喱汁拌饭可以吃一大碗碳水🍚 Durian Massanmun Curry：卖点应该是在美国不太常吃到的榴莲，是好吃的！因为很难想到榴莲和咖喱的组合所以没有正确的期待你就会被经验到。榴莲是甜糯糯的，没有吃到冷冻硬邦邦的口感 甜品🍧 芒果糯米饭：泰餐收尾必点，只要芒果🥭不酸就不会难吃哈哈哈哈 （不喜欢那个coconut pudding，甜冰淇淋+咸花生的搭配不能理解） 地址 📍 2062 N Damen Ave, Chicago, IL 60647 餐厅🍴 Eat Fine Design By Khun Kung ",7, #宝藏餐厅分享 #餐厅推荐 #全球吃喝小分队 #泰国菜 #芝加哥生活 #芝加哥泰餐 #芝加哥探店 #芝加哥必吃榜 #吃吃喝喝玩玩乐乐 #榴莲爱好者,Eat Fine Design By Khun Kung,,2,1,nan,2024-04-16,2009,291,372,15,芝加哥泰餐｜榴莲+鸭肉荔枝咖喱，能不香？ - 小红书,,,medium,0.33748133399701347,False,0.1448481831757093,0.18516674962667995,0.007466401194624191,Tuesday,False,medium,0.018970189701897018
Hybrid,0,1,617,1,1,又是和老姐妹一起去的MicPookie（如果你碰巧刷到她的推荐，我们俩不是推广！！实话！！！！） 写在前面：非常好吃！！！！不咸！无科技添加美食（本科技雷达认证）！养生唱K！ 这地好像googlemap都不太好找，不知道是新开还是开了很久，每次去超市的时候都会路过，但门脸真的哈哈哈哈哈哈哈哈，谁看谁疑惑，很庆幸我俩的芝加哥老饕朋友（），让我俩带着疑惑走了进去。 先说吃的： 🍲煲仔饭: 好吃！开盖就可以闻到香气，米饭粒粒分明但不干巴，锅巴焦香。除了广式甜口腊肉腊肠，还有一些零星几个咸腊肉（or 腊鱼 or腊鸡），我不吃太咸的没仔细品，但是咸腊肉的搭配让整个煲仔饭的层次upup！怒吃三碗！ 乳鸽：实不相瞒，第一次吃乳鸽，地地道道是广东人说的 但鸽子外皮酥脆，咬下去皮肉分离的刹那间会弹出汁水，是好吃的！ 陈皮排骨：豪赤！豪赤！！陈皮味吃起来比闻起来淡，所以依旧保留排骨自带的肉香，搭配的很好，轻微甜口！炸制火候到位，汁水保留充足！很豪赤！！！ 古法盲曹：比清蒸的贵两块哈哈哈，的确也是第一次见到这么清蒸鱼加了木耳胡萝卜香菇，整体非常balance！鱼肉不腥，清甜！ 不知道是不是年纪大了，吃一些外面的饭会感觉到很明显的不适，这家完全没有！！！！！是我以后还会去的餐厅！ 他家还可以边吃饭边唱歌，年纪真的是大了，12点生物钟自然困，真的不适合专门去唱歌喝8+1，第二天昏昏沉沉，所以边唱歌边吃饭的包间太合适了，吃完唱几个小时，消食又养生 写在后面：他家完全不是漂亮饭的路子，是穿着hoodie和姐妹饱餐一顿大唱几首解压放松的地方！,7,#适合父母辈的宝藏餐厅 #芝加哥 #芝加哥美食 #芝加哥吃喝玩乐 #芝加哥生活,Feng Huang Lan Kwin Fong Bar and Grill,Chinese,1,1,nan,2026-01-23,171,264,358,31,Googlemap都找不到的芝加哥地道粤菜！ - 小红书,,,long,3.818713450292398,True,1.543859649122807,2.0935672514619883,0.18128654970760233,Friday,False,medium,0.011345218800648298
Hybrid,1,1,192,1,0,咱就说这家店我期盼了好几个月了，自从挂上招牌我就开始看啥时候开业！昨天出去觅食，突发奇想来看一眼，居然已经开业十几天了～ 啊啊啊啊啊 居然有麻辣烫！价格在P6！ 我家两大两小两碗粉（榨菜肉丝和牛杂P4），再加麻辣烫，一共消费58！真是适合我们家小鸡胃！5555 主要是有我最爱的素鸡肠，藕丸子！啊哈哈哈哈 开心 上一次吃这样的麻辣烫已经是8年前了！ 我猜地址是2512 S Halsted St或者2514？反正在tecake隔壁，就是那个常德牛肉粉。 ,6,#麻辣烫,Changde Vermicelli,Chinese,1,2,nan,2026-01-19,75000,136,160,12,https://www.xiaohongshu.com/explore/696e8077000000001a0366fd?app_platform=ios&app_version=9.21&share_from_user_hidden=true&xsec_source=app_share&type=normal&xsec_token=CBg8kgp977rtrUcuvtnGn9d3t72SWQDNDOgXn829inUfg=&author_share=1&xhsshare=WeixinSession&shareRedId=N0dHOTpHPEFIOElDOjw1TDlHQTdKOj9P&apptime=1773503616&share_id=b10244bfcf01440f8728e5f35dac8f27,,,short,0.0041066666666666665,False,0.0018133333333333332,0.0021333333333333334,0.00016,Monday,False,small,0.03125
Hybrid,0,1,418,1,1,"第一次吃的午饭没吃到烧鸟 大馋美女直接就是再去吃一个晚饭！没想到最好吃的是一碗乌冬面😭 借鉴黑麒麟点评 老师们的点评系统 我们打出了一个 8.35 (服务8 环境8.25 味道8.6) 🍜Maze soba 肉臊干乌冬🌟🌟🌟🌟🌟 （忘拍照了可恶啊啊啊） - 心中之最 吃了清新的鱼生之后再吃一口油润的肉臊乌冬面拌上生蛋黄 再加上木鱼花和葱花 嘴巴里面和口水打架！ 🍱Ikura uni don 海胆鱼子金枪鱼饭🌟🌟🌟🌟✨ -豪华的新鲜食材很难不好吃 超级鲜甜 米饭上还有一层海苔粉 层次感拉满 🐟Eel 鳗鱼烧鸟 🌟🌟🌟🌟 - 超新鲜的绵软鳗鱼 一定要趁热吃 酱汁有一点甜 如果不接受的话要避雷 🥩 Tteokgalbi 烤牛肉丸 🌟🌟🌟🌟 - 用牛肋排绞成的长肉丸做的 汁水超级充盈 薄薄的甜口酱汁 但是属于本北方人可以接受的程度 🦐Botan ebi shooter 甜虾鱼籽shot 🌟🌟🌟✨ -甜虾 鲑鱼子 和生鹌鹑蛋的组成 打底的是酸微甜的酱汁 配上新鲜食材超级清爽 就是分量太小了 不介意性价比的值得一试 🐠black cod misoyaki 鳕鱼味增烧 🌟🌟🌟 -吃到了大渔铁板烧的味道！ 🐂Beef tongue 👅 🌟🌟🌟 - 经典牛舌味道 不会出错的选择 💣可以不点的： NEGIMA（京葱鸡肉串）普通味道 TSUKUNE （鸡肉丸串）有点柴没必要 店名：TenGoku Aburiya 651 W Washington Blvd, Chicago, IL 60661 ",8,#芝加哥 #芝加哥美食 #留学生干饭 #烧鸟 #刺身 #干饭 #日料,TenGoku Aburiya,Japanese,2,1,nan,2026-01-09,48,233,262,5,芝加哥｜ 还有谁没吃过这家日料！ - 小红书,,,long,10.416666666666666,True,4.854166666666667,5.458333333333333,0.10416666666666667,Friday,False,medium,0.019138755980861243
Hybrid,0,0,277,3,0,上个vlog视频提到的可露丽连吃两个。 新品牛排法式蘸酱三明治真的也很好吃。我这个口味很不美式的都被这搭配了薯条的三明治征服了。设计上很make sense很聪明。作为一个蘸酱三明治，做到了吃的时候不脏手：餐厅做的法棍特意松软的内馅和crust的比例调高，crust比正常的要薄，看起来体积大有食欲，上手后很轻松地能把里面多汁的rib eye夹住，巧妙利用了薯条增加能够吸汁的体积，一口下去真的太满足了，脂香四溢。灵感应该来自于法国人本身就爱法棍蘸着浓汤吃。 🥐万圣节的主题菜单里有黑芝麻莓果可颂，意大利风格的酱料内馅可颂我还是喜欢基础款的法式可颂。酱料往往就盖过了黄油的纯粹美好哈哈。但是客观来讲好吃的。,12,#brunch #芝加哥美食 #法餐 #可露丽 #太好吃了吧 #obelix #芝加哥bakery #法棍三明治 #法国鹅肝 #万圣节菜单,Obelix,French,3,2,nan,2024-11-15,6921,452,403,16,芝加哥Obelix鹅肝可露丽..咸甜永动机 - 小红书,,,medium,0.12584886577084237,False,0.06530848143331888,0.058228579685016615,0.002311804652506863,Friday,False,medium,0.04332129963898917
Hybrid,0,0,153,2,0,"一直很喜欢吃马来西亚菜 最近知道芝加哥也有一家评分不错的餐厅 那必须冲哈哈哈 点了海南鸡饭 沙爹肉串 laksa汤面 还有甜点椰子冻！（有点甜）🥥 海南鸡饭绝绝子！鸡肉超级嫩 一定要蘸底下的咸鲜汤汁一起吃 都没有柴的肉，打包回家还是一样好吃 而且一份的量超级足 够两个人吃饱 鸡油饭也不错，真材实料大家一定要去吃！ Serai 📍地址：2169 N Milwaukee Ave, Chicago, IL 60647 ",3,#芝加哥美食 #芝加哥探店,Serai,Filipino,2,2,nan,2022-05-23,788,353,475,13,芝加哥最好吃的鸡 被我找到啦？ - 小红书,,,short,1.0672588832487309,True,0.4479695431472081,0.6027918781725888,0.01649746192893401,Monday,False,small,0.0196078431372549
Hybrid,0,0,80,2,0,怎么有这么惊为天人好吃的餐厅 不多说了 每一道都好吃 💡桥底龙虾 💡叻沙花蚬 💡东坡肉 💡蟹肉豆苗 💡清蒸鲈鱼 虽然这家店在xhs上不火 但真的很好吃啊啊啊啊啊 四个人吃完都赞不绝口😍😍😍,5,#芝加哥中餐 #芝加哥探店 #芝加哥美食 #芝加哥海鲜 #芝加哥餐厅 ,Go 4 Food,Chinese,2,1,nan,2025-11-10,460,294,346,22,芝加哥巨好吃的海鲜中餐馆Go 4 Food - 小红书,,,short,1.4391304347826086,True,0.6391304347826087,0.7521739130434782,0.04782608695652174,Monday,False,small,0.0625
Hybrid,0,1,217,1,0,"店名: Arvin restaurant 地址: 8482 W Golf Rd, Niles, IL 60714 P1 羊杂汤，用料扎实，有羊肠，羊血之类的，不过是有点羊味的。 P2 真的香惨了😭朋友们，第一次吃到香香嫩嫩软软原味的牛肉，绝了，肉香非常浓郁。 P3 每桌都点了，也超好吃，炸的面点？内馅儿是羊肉的，里面还有很多汤汁。 店里每个菜分量都很大，性价比贼高。Plus 老板蒙古人，非常可爱，英文不太好，但是非常热情，一顿比划的给你介绍。然后每桌还会上咸奶茶？挺好喝的，整体来说，真的是宝藏小店，绝对会再去很多次(下次可能会自带辣椒酱🌶️ ",4,,Arvin restaurant,Mongolian,1,3,nan,2024-10-25,77,287,354,18,芝加哥| 宝藏蒙餐 - 小红书,,,medium,8.558441558441558,True,3.727272727272727,4.597402597402597,0.23376623376623376,Friday,False,small,0.018433179723502304
Hybrid,1,0,789,2,1,"在Chicago Reader上看到了我很喜欢的美食编辑Mike Sula关于这家泰国小店的介绍，说是为了泰国人而开的正宗泰餐，而且只在周二周三在FB上用泰语公布本周的特色菜，立刻感觉有必要来尝尝了。 店内的装修就很有泰国夜市小摊的feel，墙上的菜单也大多以泰语为主（终于理解美国人在中餐厅看中文菜单的感受了），但服务员基本都讲英文。 🍜图四是很多餐厅都能喝到的泰国奶茶，但这里绝对不是冲泡的粉末味道。看Mike的文章说这里还有龙眼茶，等下次再来试试。 🍜图五是周中限定的猪杂汤，里面有炸猪五花/猪血/猪肝/猪肉丸子还有作为配菜的茼蒿，味道是淡淡的椒盐味，丝毫没有腥味，而且如果喜欢辣，桌上还有自制辣酱可以加进汤里。 🍜图六是椰子糕，能明显吃出加看出用的是真材实料，椰奶和椰青的分层明显。 🍜图七是真的夜市上的串串，肠/鱼丸/鱼豆腐/猪肉丸，如果是淀粉肠就更好了 🍜图八是猪血番茄鸡脚面，本来应该是加香菜的，应我的要求香菜放在一边了。虽然是简单的一碗面，但酸甜鲜辣的味道全都有，非常暖心暖胃。 🍜图九的这碗面又香又臭（懂得都懂），鱼露和柠檬草的风味极其突出，一定会属于像榴莲那样评价两极分化的菜。爱的人绝对爱，不爱的人忍不了。 🍜图十的炸猪肉腌的很入味，而且只有一点点肥肉，吃起来香而不腻，搭配的酱是甜辣味的，吃完了直接打包一份带走。 🍜图十一更是夜市上那种色素超多版刨冰，上面浇淋了炼乳，下面还藏着蛋糕碎和水果，不是我的菜，但同行的小伙伴很喜欢。 尾图是各种配菜，包括新鲜和腌制的小菜，可以自取并加在面条上，甚至连咖喱吃完了，都能让服务生小哥再淋点汤汁上去，很有人情味。整家店大部分的面和饭都是堂食10🔪，打包15，这个物价放在今天真的很感人了。 店里基本上都是泰国人来吃，偶尔会有一两桌是像我们一样的客人，可见菜品有多正宗。总之我是超爱，一周之内接连去了两次。最近营业时间有变化，周末也开门，建议FB上关注店主确认开门时间，避免扑空。 Noodles Party: 4205 W Lawrence Ave, Chicago, IL 60630",12,,Noodles Party,Thailand,1,1,nan,2025-10-31,3997,242,280,16,芝加哥｜梦回二十年前物价—Noodles Party - 小红书,,,long,0.13460095071303477,False,0.06054540905679259,0.07005253940455342,0.0040030022516887665,Friday,False,medium,0.015209125475285171
Hybrid,0,1,78,2,0,Venteux真的太美了 这个玻璃房平时三点前去就行 应该是需要自己排队 华夫饼很好看但是很甜很甜很甜…… 那个开心果蛋糕也很甜很甜… 姐妹点了正常的egg breakfast就是很到位的美式早餐还不错,4,,Venteux,French,2,3,nan,2021-10-18,14000,395,389,8,芝加哥最美绿野仙踪Brunch - 小红书,,,short,0.05657142857142857,False,0.028214285714285713,0.027785714285714285,0.0005714285714285715,Monday,False,small,0.05128205128205128
Hybrid,0,0,59,1,0,在太喜欢南北和了，我爱吃的它都有，要不是有点小远，恨不得每天都来，江浙胃狠狠满足！ 上次去的时候收银的是个小孩，太Chinese了吧,9,#芝加哥 #北美生活,Chinese Café,Chinese,1,3,nan,2022-11-21,267,2775,838,53,爆炸推荐！芝加哥最喜欢的早餐店！ - 小红书,,,short,13.730337078651685,True,10.393258426966293,3.1385767790262173,0.19850187265917604,Monday,False,medium,0.15254237288135594
Hybrid,1,0,399,1,0,"爱这家宝藏居酒屋+烧鸟店Ikigai！金枪鱼海胆拌饭香迷糊，鸡心串真的一口爆汁💥！！ ⚠️店面不大、氛围好，周一/三/四/日有Happy hour🍻 🍱【推荐】 1⃣️ TORO TARTARE DONBURI（必点‼️）🐟 蓝鳍金枪鱼腩🍣、甜虾🦐、带子🐚、鲑鱼籽、生蛋黄+寿司饭的豪华组合！ ✔️ 鱼腩是chopped tartare的状态，油润不腻，配上可生食蛋黄🍳+海苔搅拌后，香到没空说话✅ ✔️ 牡丹虾🦐超鲜甜！带子和Ikura也是吃得出新鲜的那种爆汁感！ ✔️ 量很实在！可以升级➕海胆🧡 2⃣️ 烧鸟串类每一串都值得单独夸👏： 🍢TORI HATSU（鸡心）：爆汁程度≈在嘴里捏爆水球💦 ✔️ 一点腥味都没有，处理得干干净净 ✔️ 烤到刚刚好的焦香外壳，里面Q弹多汁 ✔️ 推荐选盐味shio，能吃出鸡心本味 🍢SUNAGIMO（鸡胗） ✔️ 酱烧版本但不咸的鸡胗，嫩脆+有嚼劲 🍢NEGIMA（葱烧鸡腿） ✔️ 鸡腿肉🍗块大过骰子！超嫩，每一口都爆汁🔥！葱段吸满酱汁+肉汁 3⃣️ UNAGIDON（鳗鱼饭）🍱 ✔️ 鳗鱼是一整大片厚切，酱汁刷得恰到好处 ✔️ 配了玉子烧、腌黄瓜🥒、山椒粉，很完整的一碗饭🍚，不会腻 💰人均30-50 📍Ikigai Sushi & Izakaya 372 W. Chicago Ave. Chicago, IL 60654",9,#芝加哥 #芝加哥美食 #烧鸟爱好者 #烧鸟 #寿司 #金枪鱼 #料理 #寿司控都爱这家日料店 #日料 #鸡胗 #刺身 #芝加哥大学 #鳗鱼饭,Ikigai Sushi & Izakaya,Japanese,2,1,30-50,2025-05-16,1574,523,698,27,芝加哥｜金枪鱼海胆饭🍣烧鸟不输东京居酒屋 - 小红书,40.0,medium,medium,0.7928843710292249,True,0.33227445997458704,0.4434561626429479,0.017153748411689963,Friday,False,medium,0.022556390977443608
Hybrid,0,0,237,1,0,家人们，来看看这嗞嗞冒油的烤鸭～～是多么肥美 🦆切鸭肉的师傅超级专业，每片都薄薄的，鸭皮也很酥脆！ 一定要趁热吃！蘸鸭酱加大葱用卷饼一裹，一口塞进嘴里，又咸又甜味蕾爆炸了好吗！太满足了吧 🥣再抿一口热乎的鸭汤，今天这顿吃爽了 💡烤鸭是downtown店才有哦，其他门店我们也经常光顾，有很多工作日午餐搭配在🍙外卖上，拯救我的选择困难症！👇 辣子鸡/水煮鱼/回锅肉/鱼香肉丝，都会送米饭饮料！ 他家的卤味也很令人惊喜，卤猪耳我们光盘了！ 🏠老四川 520 N Michigan Ave，在Nordtrom楼上 🛍️吃完顺便打卡华丽一英里！一整天美滋滋～,5,#烤鸭 #中餐 #留学生干饭 #团仔带你吃喝玩乐 #海外美食攻略 #饭团外卖11周年 #饭团外卖,LaoSzeChuan,Chinese,3,1,nan,2025-10-30,888,240,66,38,芝加哥Top1烤鸭在此！ - 小红书,,,medium,0.38738738738738737,False,0.2702702702702703,0.07432432432432433,0.04279279279279279,Thursday,False,small,0.02109704641350211
Hybrid,0,1,588,1,1,在芝加哥6年的老芝人（？跟我说这是他的食堂 — 味道坊！！！ 🍲猪肚鸡锅：强烈推荐！！汤底好喝不腻！尤其冬天我第一次吃的时候喝了三大碗！里面胡椒煮开花了喝的我满头大汗的 肚子暖暖的就贼啦幸福！一定要等一会让里面的大白萝卜煮软了再吃！而且及其推荐堂食！（我真的觉得芝加哥这边的外卖比堂食少装了不少..小声逼逼）反正第一次来他家必点如果喜欢吃猪肚鸡的话！ 🐟蒸盲曹：woc这个我也是来他家必点！吃了3，4次了每次都巨新鲜！ 🦪贵妃蚌：哇靠这个也超级无敌推荐！内句话叫什么来着 最新鲜的食材往往需要最简单的烹饪（？哎呀 我从小就喜欢吃扇贝粉丝（当然他家扇贝也巨好吃😋）他们家这种蒸海鲜真的就是满足我所有需求 然后蒸出来的海鲜油还可以泡饭啊啊啊啊啊啊太爽了 🥘铁板三鲜：这个我也爱！量不大但就是脆脆的！虾 扇贝柱还有鱿鱼？反正就是脆脆的！（我这个捉急的词汇量.. 青椒和洋葱家的有点多 介意的小伙伴慎点 🥬豆豉鲮鱼AA菜：这个和通菜都不错！啊呀好吃点就完事了 🍲海参牛筋煲：我对海参一般 牛筋好吃的～ 糯糯的 但就是正常粤菜的水平 🍚扬州炒饭：我也不知道为啥有的时候想xuàn碳水那劲儿上来了 但是一般吧..没啥味儿.. 我最近也在减肥 但吃海鲜怎么会长肉呢 可劲儿造吧！！！ 我还留意了一下 他们家的小费还是睡前的小费！很良心了属于是 呜呜呜反正真的推荐我的妈呀 第一篇小红书 反正就记录一下生活吧 语文不好写的太接地气了..anyway就先这样吧 希望大家在芝加哥注意安全👌 ,6,#芝加哥美食 #芝加哥 #芝加哥探店 #芝加哥玩乐 #芝加哥美食探,Wentworth Seafood House,Chinese,2,1,nan,2022-05-26,145,391,490,44,这家芝加哥粤菜馆真的值得我第一篇小红书！ - 小红书,,,long,6.379310344827586,True,2.696551724137931,3.3793103448275863,0.30344827586206896,Thursday,False,small,0.01020408163265306
Hybrid,1,1,338,1,0,呆 🍴Shabu-You Japanese Buffet 强烈推荐 位于北郊Schaumburg，我也是来宜家买东西无意间发现的～ 我点了最贵的套餐吃下来一人税前$40.99（周内来可以便宜三块）并且接受OpenTable订位 菜单上有三种自助套餐可以选，个人推荐C套餐 因为可以无限量吃和牛！！汤底也是有三种，这时候不要犹豫！就点Sukiyaki，味道很正宗！！ 肉类和寿司（寿司很一般！）需要用桌子上的iPad点餐然后由机器人送上来，所有的牛肉和虾质量都很不错，其余的菜品要去自助区域取，像白菜 魔芋丝 豆腐 葱这类寿喜锅常吃的菜品他们都有。小料台上的东西都很奇怪，吃寿喜锅完全不需要！除此之外还有水果，冰淇淋，芝士蛋糕，炸物和咖喱～ 画个重点❗️除了寿喜锅汤底，自选台的蔬菜（白菜 豆腐 魔芋丝等），水果和冰淇淋，其他东西都很一般 ！ 虽然离芝加哥市区远了点，但我觉得值得大家单独跑一趟～ 顺便还能逛逛宜家Mitsuwa是不是 ,9,#芝加哥美食 #寿喜锅 #芝加哥日料,Shabu-You Japanese Buffet  ,Japanese,1,1,nan,2022-01-24,620,432,556,26,芝加哥美食｜寿喜锅自助 不限量供应和牛哦 - 小红书,,,medium,1.635483870967742,True,0.6967741935483871,0.896774193548387,0.041935483870967745,Monday,False,medium,0.026627218934911243
Hybrid,0,0,246,1,0,"听说芝加哥有台山黄鳝煲仔饭觉得很新鲜，找到了一家台山风味美食，分量大生意特别好，不在chinatown，开车的话会需要找一下街趴～ ✨✨✨✨✨美食推荐😋✨✨✨✨✨ 1️⃣铁锅黄鳝饭🍚 他家的特色特别大的一份，一打开很香，黄鳝是新鲜的黄鳝还有腊肠粒整体是很有特色的煲仔饭！ 2️⃣猪肚鸡汤 🍲 因为芝加哥天气还没暖，这家猪肚鸡汤喝得特别舒服！有枸杞，山药，腐竹！！料非常非常足！分量也很大 3️⃣蒜香排骨🥩 有整整六块大排骨，肉很酥也特别的香！蒜香味道很重！ 4️⃣腐乳aa菜 🥬 量大量大，腐乳味刚刚好！ 不想堂食的话在熊猫外卖还有优惠～ 🍽️: 阿二美食 Yee's Cantonese Kitchen 📍: 220 W 31st St, Chicago, IL ",7,#留学美国 #芝加哥 #芝加哥生活 #芝加哥美食 #芝加哥探店 #芝加哥玩乐 #粤菜 #芝加哥吃喝玩乐 #芝加哥中餐,Yee's Cantonese Kitchen,Chinese,1,1,nan,2025-04-05,15000,245,124,22,芝加哥新粤菜台山煲仔饭登场 - 小红书,,,medium,0.026066666666666665,False,0.01633333333333333,0.008266666666666667,0.0014666666666666667,Saturday,True,medium,0.028455284552845527
Hybrid,1,0,574,1,1,"南来北往就像是东北菜的食堂 再去过至少五次之后给大家分享南来北往的菜单！之后如果尝试了什么新的就直接在这篇小红书里添加啦！ 打卡菜单🤤🤤🤤 📌东北大拉皮 p1 次次必点！拉皮本身是哏啾啾的 介于凉皮和宽粉之间 酱料的感觉是甜甜酸酸麻酱味 甜味大于酸味（我不爱吃麻酱但这道菜我是可以接受的！） 📌地三鲜 p2 茄子土豆和青椒的组合 怎么会不好吃！千万小心上菜的时候特别烫 味道是红烧的酱汁粘粘稠稠 📌红烧肉炖粉条 p3 这个红烧肉是北方的做饭 咸口的 红烧肉的量超级多 粉丝也是裹满汤汁 非常下饭！ 📌老式锅包肉 p4 必点必点必点！而且一定要去店里吃！如果点外卖的话拿到的时候就不脆了 店里吃刚做好的甜甜脆脆酸酸的 而且肉片很大块 超过瘾！ 📌松鼠鱼 p5 其实这个一条鱼还挺大的 刚上菜的时候超级好看 酸甜感特别浓重 📌排骨土豆豆角粉条 豆角脆脆的但是很吸汁 排骨几乎都是肉 非常嫩 📌芹菜水饺 味道中规中矩 没有特别与众不同 但能吃出来是比速冻水饺好吃 📌炖鱼（得莫利炖鱼） 点过一次外卖的炖鱼 超级无敌大一条 红烧并且有一点点甜甜的 非常适合做下酒菜hh 是北方红烧鱼的做法 重要信息🖍🖋🖌 📍餐厅名字：Uncle Zhang Chinese Cuisine 📍地址：742 W 31st St, Chicago, IL 60616, United States 📍人均：30-40d 如果想吃除了粤菜以外的中餐 南来北往一定是一个好选择 每道菜的量都非常大 聚餐也是一个好场合！（不确定是我们的原因还是什么 每次吃完都有拉肚子的迹象 如果你肠胃功能不好 也多小心啦） 如果有什么其他好吃的菜 请大家多多安利呀 ",5,#芝加哥东北菜 #芝加哥美食 #芝加哥美食探店 #芝加哥 #芝加哥中餐 #美食探店,Uncle Zhang Chinese Cuisine,Chinese,2,1,nan,2024-04-02,215,209,195,24,芝加哥炫饭榜单：东北菜南来北往 - 小红书,,,long,1.9906976744186047,True,0.9720930232558139,0.9069767441860465,0.11162790697674418,Tuesday,False,small,0.008710801393728223
Hybrid,0,0,369,2,1,"这家餐厅坐落在千禧公园旁，谷歌上有 8600+ 评价，4.6 分，甚至有人称它为 “世界知名的早午餐”。冲着这个名号，当然要来试试！ 【排队小贴士】 抵达后需要排队，不过别担心，等位期间可以去千禧公园逛逛，或者随意探索对面的街区。如果错过叫号，回来后会被安排到下一个可用座位，完全不用担心。 【黑咖啡惊艳，一杯胜过米其林☕️】 点了一杯 Black Americano，可以说是喝过很棒的黑咖啡之一，甚至比米其林餐厅的咖啡还要好——毕竟，米其林餐厅对食物用心，但茶水常常敷衍。 【主食选择：慢烤牛腩杂烩😋】 因为不爱甜食，没有尝试招牌 Pancake，而是点了 Slow Roast Brisket Hash。 ✅ 牛腩酥软多汁，口感丰富，味道出色 ✅ 分量实在，价格非常亲民 ✅ 服务比湾区类似餐厅好上几个等级，让人愉快 总体而言，这是一家值得一试的 高分早午餐店，无论是咖啡还是主食都让人满意。如果你也喜欢黑咖啡和丰盛的早餐，不妨来体验一下！ 地址： Wildberry Pancakes & Cafe 130 E Randolph St, Chicago, IL 60601 ",18,#food #芝加哥 #芝加哥美食 #芝加哥千禧公园,Wildberry Pancakes & Café,American,2,1,nan,2025-03-27,133,186,180,6,芝加哥千禧公园旁人气早午餐😋难忘黑咖啡 - 小红书,,,medium,2.7969924812030076,True,1.3984962406015038,1.3533834586466165,0.045112781954887216,Thursday,False,large,0.04878048780487805
Hybrid,1,0,492,3,1,"下班后真的懒得做饭，又不知道吃什么的时候—— 【星光】绝对是我在芝加哥回购无数次的食堂级存在✨ 不走精致路线，主打家常好吃 点什么都不踩雷的那种 打工人不骗打工人 这篇纯属饿出来的真情实感推荐👇 ⸻⸻ 🍗 葱姜霸王鸡 有点像小时候吃【振鼎鸡】里的白斩鸡那味了 妥妥童年回忆里的味道 上海人一定能懂我的吧 鸡肉又滑又嫩 汤汁拌饭也是一绝 鲜掉眉毛 🥚 韭黄炒蛋 韭黄又脆又甜，鸡蛋蓬松滑嫩 大火快炒出来的那股锅气是家里复刻不出来的 🍆 鱼香茄子煲 鱼香酱汁很正宗 油亮但不腻 味道偏下饭那挂 锅气十足、拌两口饭就停不下来 🦑 椒盐鲜鱿 外卖里还能保持酥度 这点已经赢一半了 椒盐系列都很不错：之前点过的椒盐有头虾也很推荐 📝其他推荐 椒盐鸭下巴、枝竹牛腩煲、豉汁花蛤、梅菜扣肉、小炒王、干烧伊面… 🥣堂食也很能打 人多聚餐、喝酒特别适合堂食 实惠但品质在线👍 他家是为数不多开到凌晨、还能坐18人大桌的餐馆！很适合来这里吃年夜饭～ 有些新鲜海鲜只有堂食才有👇 清蒸盲曹🐟、蒜蓉粉丝蒸扇贝/大蚬🐚、蒸生蚝🦪、葱姜龙虾伊面🦞 👉 总结一句： 不花里胡哨，每一道都很实在！加班夜、聚餐局、想吃口热乎家常菜的时候，这家闭眼冲就完了～ 🐼🥡还有优惠🧧喔～ ⸻⸻ 📍星光酒家 211 W 22nd Pl Chicago, IL 60616 人均：$30-50 ",11,#星光酒家 #芝加哥星光酒家 #芝加哥粤菜 #芝加哥粤菜海鲜 #芝加哥 #芝加哥探店 #芝加哥美食 #芝加哥Chinatown #芝加哥中国城 #100家探店计划 #美食探店 #美食分享 #芝加哥美食博主 #大声安利本地美食 #每周美食打卡 #吃吃喝喝的日常 #跟着本地人吃就对了 #美食博主 #芝加哥美食博主 #打工人三餐 #一日三餐 #外卖推荐 #外卖也能很治愈 #深夜食堂,Original Triple Crown Restaurant,Chinese,1,1,30-50,2025-02-10,1221,144,39,10,芝加哥｜打工人私藏 回购无数次的深夜食堂🥡 - 小红书,40.0,medium,long,0.15806715806715807,False,0.11793611793611794,0.03194103194103194,0.00819000819000819,Monday,False,medium,0.022357723577235773
Hybrid,0,0,71,2,1,"初雪快乐❄️ 前全聚德老田师傅的烤鸭店开啦 今天试营业吃到了第一只鸭 鸭肉鲜嫩肥美 白菜鸭汤很鲜美 椒盐鸡架也超级脆 好吃爱吃多吃😋 📍Ti'an Bistro 田家食府 810 Grove St, Evanston, IL 60201 ",7,#Evanston #芝加哥 #芝加哥生活 #北京烤鸭 #埃文斯顿,Ti'an Bistro ,Chinese,1,3,nan,2025-11-09,134,299,295,43,全聚德老田师傅的Evanston烤鸭店开啦 - 小红书,,,short,4.753731343283582,True,2.2313432835820897,2.201492537313433,0.3208955223880597,Sunday,True,medium,0.09859154929577464
Hybrid,0,0,427,2,1,土生土长的西安人在老墨的taco店里找到了熟悉的味道，一口回到在西安吃水盆和杂肝汤的感觉，吃出了发自内心的满足。 Taco de Lengua - 🌕🌕🌕🌕🌖 p1下面两个是牛舌taco。厚切慢炖牛舌，入口后用舌头轻轻一抿就会散开。牛肉味和牛舌独有的香味很足。牛舌是直接从汤里捞出来的，带着原汤卷在taco里，咬的时候汤会顺着手流下来，汤的味道很浓郁，有浓厚的肉香和脂肪香。牛舌上放了少量的salsa，增加了一点清新，但完全不会盖住牛舌的味道。 Taco de Cabeza - 🌕🌕🌕🌖🌑 炖牛头肉taco（p1左上）。牛头肉很香，但是几乎都是瘦肉，所以肉纤维还是稍微有一点柴。 Orden de Cabeza - 🌕🌕🌕🌕🌖 牛头肉清汤（p2-4）。肉香味和油脂香味极其浓郁，牛头肉没有不好膻味，但牛头独有的香味很浓。汤里没有乱放香料，很大程度保持了肉的本味。上面飘着一层油脂，浓缩了牛肉的香气。配合corn tortilla，可以泡在汤里吃，也可以卷着肉吃。 taco和牛头汤的肉香味极其浓郁，吃完后满嘴留香，甚至打嗝都是很香的牛肉回味。牛舌和牛头汤香料运用很克制，可能只有洋葱、香菜、白胡椒、香叶等温和的香料，和肉本身的香味相得益彰。 ,4,#墨西哥 #taco #牛舌 #牛头 #凤凰城 #芝加哥 #西安 #美食,Taco Los Vales,Mexico,1,3,nan,2025-12-31,195,334,93,72,https://www.xiaohongshu.com/discovery/item/6955c97f000000001e031e37?app_platform=ios&app_version=9.21&share_from_user_hidden=true&xsec_source=app_share&type=normal&xsec_token=CBkSOJYr1M-ZgxgQgYfI3KqNbwCEe6ZMyIvcjhCZtg1G4=&author_share=1&xhsshare=WeixinSession&shareRedId=N0dHOTpHPEFIOElDOjw1TDlHQTdKOj9P&apptime=1773630047&share_id=a0e384033b9d4ce4a47eb9c56587c7fd,,,long,2.5589743589743588,True,1.7128205128205127,0.47692307692307695,0.36923076923076925,Wednesday,False,small,0.00936768149882904
Hybrid,1,0,322,3,1,"周末健身完超饿，遂组队去中国城吃自助，发现刘一手除了火锅自助居然还悄无声息出了美式烤肉自助！beef brisket, pork ribs, 烤大虾都畅吃。 全是现烤，出炉了后老板推着小推车一桌一桌亲自切肉，想吃多少比划一下都切给你，每桌都拿过了还回来问大家要不要再来点，太豪爽了。小伙伴最喜欢的是烤得多汁嫩嫩的beef brisket，沾上一点微辣的bbq酱，浓郁鲜香吃到爽。 一起去的四川小伙伴推荐了酸萝卜老鸭汤，啊太香了，下菜前喝一碗汤鲜在舌尖暖到胃里，吃火锅还是要和四川人一起来！作为南方人清清爽爽的椰子鸡锅是心头爱，少油少糖又鲜又健康，优质蛋白kuku炫嘴里。 这还是我认识的刘一手吗，$35大口吃肉，性价比太绝了吧，质量还比快乐小羊高出一个档，这个冬天想炫肉又多了一个选项，太幸福了。 芝加哥刘一手 Liuyishou Hotpot(Chicago) 📍2215 S Wentworth Ave, Chicago, IL 60616 ",8,#刘一手 #火锅 #烤肉 #大口吃肉超满足 #谁能拒绝自助餐的诱惑 #练后餐 #芝加哥美食 #芝加哥生活,Liuyishou Hotpot(Chicago),Chinese,2,1,35,2025-09-28,3574,351,193,140,$35烤肉自助？！这还是刘一手吗 - 小红书,35.0,medium,medium,0.19138220481253498,False,0.09820928931169558,0.05400111919418019,0.03917179630665921,Sunday,True,medium,0.024844720496894408
Hybrid,1,0,254,3,1,来分享芝加哥我最最最最最最爱的水果冰沙了 属于是一年四季天天馋天天吃吃了无数次（从拍摄日期看得出我有多爱了 巨大一盆诚意满满的哈密瓜🍈西瓜🍉芒果🥭 可以单拼双拼三拼口味！选择困难宝宝的福音 竟然开到晚上9:30也太罪恶了！还有停车场free🅿️ 口味推荐： 哈密瓜🍈：淋酱调的巨好！一年四季没吃到不甜的哈密瓜 西瓜🍉：比哈密瓜更清爽甜甜水水的口感 芒果🥭：切片的果肉没一颗颗的瓜肉多但也好好吃 荔枝：最近新出的口味，满满去了籽的荔枝肉超满足 年糕：喜欢黄豆粉和糯叽叽的可冲！个人偏爱水果 还有草莓提拉米苏等等别的口味暂时没试过～ 大夏天的大家快冲！,7,#大声安利本地美食 #绵绵冰 #全球吃喝小分队 #芝加哥美食,TSAO CHA,Chinese,2,1,13-16,2025-07-08,323,203,188,23,谁懂芝加哥这一大碗！！宝藏夏日清爽水果冰沙 - 小红书,14.5,low,medium,1.2817337461300309,True,0.628482972136223,0.5820433436532507,0.07120743034055728,Tuesday,False,medium,0.027559055118110236
Hybrid,0,0,525,3,1,来芝加哥整整五年了，一直吐槽为什么这么多韩餐都没有酱蟹，每次只能去LA吃Master HA和Crab House，终于今天找到了一家！ 店在北郊，有朋友住在附近所以特地从dt开车大概35mile一个小时去吃，大家可以自行考量。可能因为位置有点偏僻了，外面稍微有点荒凉，但是车位非常多，停车方便。店内环境非常整洁，比想象中大很多，而且店里全是韩国叔叔阿姨来吃，感觉口味非常正宗，不是那种给老外吃的改良韩餐，朋友说这家堪比韩料界fine dining😂 酱蟹⭐️⭐️⭐️⭐️⭐️ 我们点了酱蟹➕两个锅物，酱蟹分两个口味soy sauce marinated和spicy marinated，上海人果断选择酱油口。酱蟹45刀大概有三只蟹一分为二一共六块，蟹本身不是特别大，但每一只都非常饱满，调味偏咸甜口，拌饭一绝。不过可能是季节关系蟹没有蟹黄，也没有给我们蟹盖，但都在芝加哥了，要什么自行车😇 辣炖排骨⭐️⭐️⭐️⭐️ 两个锅物也是出乎意料的好吃，一个炖辣排骨，一个菌子火锅。辣排骨非常香，应该是pork back rib，肉炖的很酥烂，配菜极其丰盛，对我来说小辣。 菌子火锅⭐️⭐️⭐️ 火锅上来的时候我差点以为穿越到了云南，感觉有八九种不同的菌菇，汤越煮越鲜，除了菌➕蔬菜还配了一份beef brisket和一份面条，主打一个量大管饱。牛肉品质非常好，吊打普通自助烤肉店的牛肉！ 不过其实店里主打烤肉，但这次没有来得及尝试，看了隔壁点了主打的Galbi感觉品质很好，下次再来试试。,4,#芝加哥 #韩餐 #芝加哥探店 #芝加哥玩乐 #吃个漂亮饭 #宝宝辅食 #美国生活 #记录吧就现在 #留学分享 #芝加哥美食 ,Chicago Galbi House,Korean,2,1,nan,2025-03-29,144,328,369,29,芝加哥｜韩式酱蟹｜Chicago Galbi House - 小红书,,,long,5.041666666666667,True,2.2777777777777777,2.5625,0.2013888888888889,Saturday,True,small,0.007619047619047619
Hybrid,0,0,489,3,1,今天去打卡了芝加哥北郊新开的New Village Gastro Pub！作为资深韩国菜+鸡爪爱好者，必须冲！今天试了图片上四个菜，都很好吃！没有踩雷！店里基本都是韩国人，菜应该都是很地道的吧～价钱也很划算，人均20-30 1⃣️炖鸡爪 鸡爪耙耙糯糯，超级入味超级辣！调味类似火鸡面那种，吃的超级爽，但是好在这个辣只辣嘴不辣胃！高级！哈哈哈哈哈哈 2⃣️韩式传统炒年糕 这个炒年糕和其他店相比多了白煮蛋，煎饺和炸的紫菜粉丝卷，之前都没有试过这种，难道这才是炒年糕的正确打开方式嘛？但是味道也很好！没有Hmart买的速食炒年糕那么甜，年糕也更糯叽叽。 3⃣️蒸蛋 这个蒸蛋真的好嫩好滑而且好多蛋，上面淋了香油加了cheese，我们重口味吃法是用辣鸡爪的汤汁拌着吃😂 4⃣️炸鸡 炸鸡也和平时吃的都不一样，外面的脆皮很酥很酥，而且吃着有一种猪油渣的香味！神奇的是里面的鸡肉吃起来像是参鸡汤的鸡，导致吃炸鸡的我产生了一种这个炸鸡吃着很健康的错觉…… 最后总结一下就是这家店真的很适合喜欢吃韩国菜的朋友约几个朋友一起来喝点小酒聊个天，因为每道菜都hin下酒hin好吃！有很多真露和其他牌子的烧酒，韩国产啤酒可以选，店里的环境也就是喝酒聊天的环境。我和朋友已经打算接下来慢慢吃遍她们家所有菜了！ ,7, #芝加哥美食 #芝加哥探店 #芝加哥生活 #韩国美食,New Village Gastro Pub,Korean,1,3,nan,2021-10-31,104,168,220,7,芝加哥美食｜地道韩国Pub - 小红书,,,long,3.798076923076923,True,1.6153846153846154,2.1153846153846154,0.0673076923076923,Sunday,True,medium,0.014314928425357873
Hybrid,1,1,362,3,1,来芝加哥打卡的第一家地中海餐厅 也从此爱上pita饼和各种hummus Muhammara🌟🌟🌟🌟🌟p2 这个最好吃超级推荐 里面的甜椒和核桃颗粒吃起来口感很丰富 调味偏辣和pita饼特别配 后面为了ta专门续了一次pita饼（aba家的pita饼也很好吃 lamb chops🌟🌟🌟🌟🌟p3 羊腿烤得超棒 鲜嫩多汁又带正正好好一点点的羊味 配上酱汁和无糖酸奶好吃又不腻 short rib hummus🌟🌟🌟🌟p4 软烂的shortrib和鹰嘴豆泥是hummus的经典搭配 好吃不出错 牛肉份量有点少不如avec实在 brussels sprouts 🌟🌟🌟🌟🌟p5吃之前难以相信烤孢子甘蓝能有多好吃 但是aba这道菜的美味程度谁吃谁知道 每次必点 braised beef short rib🌟🌟p5 肉做的很柴 土豆泥配上无籽石榴的口感还蛮特别 整体不推荐 crispy potatoes🌟🌟p6 普通 感觉没必要点 brulee pie🌟🌟🌟🌟p7用店员推荐的甜点收尾 🌟唯一需要避雷的就是酒 bar很貌美但是点的martini和margarita都很难喝 想喝酒的话这家离kumiko很近 建议吃完转场去kumiko大喝特喝哈（可参考我前面写过的笔记） 店在westloop 环境特别美（见p7-p10）晚上晚一点还会“熄灯” 更有氛围感 很适合纪念日/date/姐妹聚会 人均60+左右 推荐,11, #令人难忘的美食 #美食 #芝加哥 #芝加哥美食 #芝加哥吃喝玩乐 #留学生探店 #芝加哥地中海餐厅 #漂亮饭,Aba,Mediterrean,3,1,60,2026-02-26,430,133,120,10,Aba | 更适合中国胃的地中海菜 - 小红书,60.0,high,medium,0.6116279069767442,True,0.30930232558139537,0.27906976744186046,0.023255813953488372,Thursday,False,medium,0.03038674033149171
Hybrid,0,1,205,2,0,这标题完全没忽悠 真的是我吃过的最好吃的 米饭那是相当香 保证宝宝们没吃过这么香的米饭 我平时不吃碳水的人每次来都是奔着米饭来的我有拍了价格表 宝宝们可以了解先 价格很平民 图三鸡肉真的好好吃 每道菜都值得宝宝们去试我每次开车都要快一个小时 但都为了吃这口米饭 还有它家没有酒单哦 可以自己带酒去 或者餐厅有卖汽水 它家还有卖伊朗黑茶哦 可以试一试哦 还有它家有卖伊朗甜品 上次试了藏红花雪糕 我觉得不好吃 其它甜品太甜了   餐厅名字:Kabobi Persian And Mediterranean Grill 餐厅地址：3224 W Lawrence Ave.Chicago.IL 60625,18,#芝加哥 #芝加哥探店 #芝加哥生活 #米饭 #碳水使我快乐 #伊朗 #伊朗美食 #伊朗餐厅 @吃货薯,Kabobi Persian And Mediterranean Grill ,Iran,1,3,nan,2024-06-15,1652,417,538,31,芝加哥最好吃的伊朗菜 - 小红书,,,medium,0.5968523002421308,False,0.2524213075060533,0.32566585956416466,0.018765133171912834,Saturday,True,large,0.08780487804878048
Hybrid,1,0,186,3,0,一家看起来很温馨，但味道很中国的波兰自助餐。 这家餐馆一周只上班两天半，周五和周末，真令人羡慕。 🇵🇱波兰阿姨觉得这里很好吃很正宗，所以我们就来了！ 🧑‍🧑‍🧒 带着父母过来的，挺适合他们的中国胃，吃的都挺饱的。推荐带中国胃的父母来。 🍮这个甜品区我真的是看的且吃的闪闪发光🥹 还有很多水果，忘了照了。 什么东欧饺子，土豆饼，炖肉，还有正宗波兰苹果鸭！ 感兴趣的可以去试试，35刀感觉吃的还是很值得！,6,#自助餐餐厅 #food #为白人饭发声 #世界美食之都 #谁能拒绝自助餐的诱惑 #全球吃喝小分队 #自助餐 #餐厅推荐 #芝加哥 #芝加哥美食,Red Apple Buffet-Restaurant,Polish,2,3,35,2025-01-25,3543,116,172,14,https://www.xiaohongshu.com/discovery/item/679561640000000029026723?app_platform=ios&app_version=9.21&share_from_user_hidden=true&xsec_source=app_share&type=normal&xsec_token=CB6hp_kuygV0-57bW47YivU7l_Q3qwv-UTcbiQencbA78=&author_share=1&xhsshare=WeixinSession&shareRedId=N0dHOTpHPEFIOElDOjw1TDlHQTdKOj9P&apptime=1773629916&share_id=53292feae967454ab4e7bff511ee0bff,35.0,medium,short,0.08523849844764324,False,0.032740615297770254,0.04854642957945244,0.003951453570420547,Saturday,True,small,0.03225806451612903
Hybrid,0,0,606,1,1,这家店的名字会让人误会是韩式烤肉，也会像韩式烤肉一样上很多小菜（吃太投入忘记拍照了），好像是因为老板是日本人老板娘是韩国人？但是真的是口味非常棒的日式碳火烤肉！我每次一到上肉就会忘记拍照，沉浸吃肉🥩 * KAKITAMA 蛋包生蚝，必点！是一整个的生蚝包裹在煎蛋里面，再配上他们的料汁，一口下去又香又满足，唯一的缺点是不够吃哈哈 * MOTSU-ITAME 用大葱炒beef tripe，食材很简单，调味不一般，牛肚真的很有嚼劲，配上大葱又有点清新！ * Miso Soup 这是免费的，但会先问你要不要，问就是要！我超级喜欢他们家辣的miso soup，感觉可以用来炫一碗饭 * Kobe short rib! 必须点上，没吃吃完不够还会再加点一份，光是看肉的花纹你就知道它会好吃，红白相间，吃着就太柔软了，又不会觉得太油 * KALBI 这个short rib就比楼上的逊色不少，但是也是好吃的 * JO-TONGUE 有两种牛舌，必须点上这个不要点Kobe beef的，脆脆的口感搭配酸爽的柠檬汁，牛舌爱好者狂喜 * TON-TORO 超级有嚼劲的猪脸颊肉/猪颈肉，我反正分不清脸颊肉和脖子肉，可能🐷的脸和脖子连在了一起吧，如果你问老板娘猪肉有什么推荐，她就会指着自己的脸说cheek cheek，非常可爱 * BACON 一片片的五花肉，碳烤猪肉真的非常需要聚精会神，因为油滴下去就会起火，肉不赶紧拿走就变成碳了，讲究就是个眼疾手快 * Mango Sorbet 出乎意料的好吃，吃完烤肉后吃一口冰冰凉凉酸酸甜甜超级解腻，还用芒果皮当碗也是可可爱爱 其他点什么肉就可以自由发挥了，他们家的调味就非常清单，但是肉真的非常好吃，所以就算离市中心有一点距离，我还是会时不时来吃一下,6, #芝加哥美食 #芝加哥探店 #芝加哥餐厅 #芝加哥 #芝加哥吃喝玩乐 #芝加哥日常 #芝加哥打卡 #芝加哥餐厅打卡 #美国芝加哥 #北美生活 #餐厅推荐 #美食探店 #吃吃喝喝 #芝加哥必吃 #芝加哥吃什么 #芝加哥逛吃 #芝加哥烤肉 #芝加哥日式烤肉店 #芝加哥日式烤肉,Chicago Kalbi,Japanese,2,1,nan,2024-04-28,172,183,222,16,芝加哥最好吃的日式碳火烤肉🥩 - 小红书,,,long,2.447674418604651,True,1.063953488372093,1.2906976744186047,0.09302325581395349,Sunday,True,small,0.009900990099009901
Hybrid,0,0,48,2,0,📍：Bitterysweet Pastry Shop & Cafe 💸价位：$$ Ube Croissant Fruit Tart Matcha Latte Avocado Toast Cinnamon Roll - 好好吃，点的都没踩雷。 以上发的图片全无滤镜调色。 - ,5,#芝加哥 #北美 #Brunch #甜品 #餐厅推荐 #宝藏餐厅分享 #全球吃喝小分队 #Lakeview,Bitterysweet Pastry Shop & Café,French,1,1,nan,2024-08-14,165,120,111,4,芝加哥｜Brunch - 小红书,,,short,1.4242424242424243,True,0.7272727272727273,0.6727272727272727,0.024242424242424242,Wednesday,False,small,0.10416666666666667
Hybrid,0,0,244,1,0,芝加哥有不少拉面店，但大多我都不太喜欢。以前常去Ramen Wasabi，但是那家人气太高了，周五或者周末都得等两小时以上。自那之后我就一直在寻找下一家好吃的拉面店。 结果，就在我家附近，真的被我找到了！ 名字是Monster Ramen，他家周一周二休息，周中只开放晚餐，周末有午餐和晚餐。店面很小，大多数时间我会坐吧台，但是店里装潢很精致。 最关键的是他家的拉面真的不错，当然比不上国内和日本的但是当你的胃必须要吃拉面的时候这家的拉面还是👌的。 除了拉面之外，我还特别喜欢他家的Wagyu Tataki（和牛塔塔），肉质鲜嫩而且炙烧地恰到好处，去的必点！,3,#拉面天花板 #芝加哥美食 #芝加哥日料 #探店 #芝加哥探店 #留学生活 #留学生干饭 #拉面 #日式拉面 #餐厅推荐 #哪家拉面更好吃？,Monster Ramen,Japanese,1,2,nan,2025-01-25,513,271,332,20,芝加哥最好吃的拉面竟然藏在这里 - 小红书,,,medium,1.2144249512670566,True,0.5282651072124757,0.6471734892787524,0.03898635477582846,Saturday,True,small,0.012295081967213115
Hybrid,1,1,250,1,0,"今天逛wicker park晚上去吃了一家pho，在🍠没刷到过有人推荐，意外的好吃！ pho bo（beef）是$14.99，量大好吃 很震惊的是他家居然还有海南鸡饭！Hainan Style Chicken Rice是$13.99，依旧是量大好吃！鸡肉很嫩不柴而且给了很多肉🤤 其实这是我第一次吃海南鸡饭，之前在国内也没吃过，觉得这里的很好吃。朋友之前在国内吃过，觉得这里的米饭和国内的相比会干一些。 ‼️必须推荐他家的炸鸡皮Salt & Pepper Chicken Skins $7.99有点小贵，但是真的很好吃很香！配上辣酱可以解腻！ p2的墙上店家贴了海报：Viet Dip- PROBABLY CHICAGO'S BEST SANDWICH🫢我没有点，看google map上的review照片确实很诱人，感兴趣的朋友可以去品鉴🤔 店名是Phodega 📍 1924 W Division St, Chicago, IL 60622 ",5,#芝加哥 #芝加哥美食 #芝加哥美食推荐 #芝加哥吃喝玩乐 #芝加哥吃喝 #wickerpark #wickerpark美食,Phodega,Vietnamese,1,1,"14.99,13.99,7.99",2025-01-09,1874,138,146,16,这家pho真的是wicker park的hidden gem - 小红书,12.323333333333332,low,medium,0.16008537886872998,False,0.0736392742796158,0.07790821771611527,0.008537886872998933,Thursday,False,small,0.02
Hybrid,1,0,621,3,1,"听说是Ahjoomah’s Apron的主厨新开的店，周末去打卡了，结论是好吃晕了！经常搜到看上去很种草的韩餐都离我特别远，这个在chinatown那块，感觉以后会常来！ 这次尝试了4-6人年夜饭套餐，有泡菜煎饼，炒年糕，galbi，烤五花肉，韩式糖醋肉，部队锅，六碟小菜和米饭，折后$158，真的很划算就是说！主要是看这分量！谁懂！超级扎实！ 想点外卖的话Chowbus芝加哥全区独家配送，年夜饭套餐现在就能立刻马上预定了！ highlight一下必点： 烤五花肉🐖是快烤好的样子端出来的，刚刚好烤出了油，边缘有一点点焦焦的完美五花肉！旁边泡菜也在煎着，就是说猪油和任何东西相配都不可能不好吃！配上泡菜辣酱蒜片青阳辣椒真的一绝 泡菜煎饼🥞可以说是我吃过最好吃的一款，边缘一圈脆脆的，完全没有那种一大口面糊弄了一嘴的感觉，是薄薄的而且调味刚刚好，香辣香辣的感觉格外加分（要是可以出海鲜泡菜煎饼感觉还能更好吃😋 糖醋肉🐷很有老式锅包肉的感觉，但是没有那么湿漉漉的，酱的量刚刚好，而且面糊是薄薄的一层，大口吃肉外酥里嫩的感觉，超级合适👍🏼看韩剧总是好奇韩式糖醋肉到底有什么不一样，这个真的满足好奇心+味道超好 部队锅🍲汤底感觉很香！我本来对部队锅感情一般，但是这个汤底感觉很醇厚，煮什么都好吃（特别是年糕，软软糯糯！），而且冬天+要过节了，来一锅热腾腾的咕噜咕噜的汤不要太幸福🙈 小菜也值得一夸！搭配这些扎实的硬菜吃真的刚刚好～而且很满足“每顿饭必须要吃点蔬菜”人的饮食习惯哈哈 大家都去吃！主厨老板娘人特别和蔼～在家吃饭的温馨感觉🈶️ 📍韩美厅 3335 S Halsted St, Chicago, IL 60608 ",7,#芝加哥外卖 #chowbus种草清单 @跟chowbus吃遍芝加哥 @chowbus优选外卖,Han Mi Jeong,Korean,1,1,158/6,2023-01-18,196,322,369,20,芝加哥韩料🐽美妙五花肉！肉肉肉~ - 小红书,26.333333333333332,medium,long,3.627551020408163,True,1.6428571428571428,1.8826530612244898,0.10204081632653061,Wednesday,False,medium,0.011272141706924315
Hybrid,0,1,493,3,1,主厨 Carlos Gaytan是第一位获得米其林一星的南美洲主厨，将法式元素融入自己的墨西哥家乡菜，很不容易的融合 环境布置得神神秘秘，有点🧱黄金矿工的感觉？ 很喜欢他家的洗手间🚻清洁用品和装修很对胃口，高级感十足 主菜量很大，吃肉吃到爽！两个人点一份主菜也够的 . 🐙Pulpo enamorado 🌟🌟🌟🌟 一根合格好吃的章鱼jio，外酥里嫩，尾部稍微有些焦。 🥟Pescadilla 🌟🌟 一个黑色大饺子，外面烤的脆脆的，里面是番茄炖海鲜。调味平平，面皮厚，纯纯烤面粉坨子 🍖Costillas de res 🌟🌟🌟🌟✨ 排骨软烂脱骨，稠厚的酱汁满满地盖在面上，入口软糯，爆出温热香甜的汁水。韧劲十足的饼裹着一大块贴骨肉，蘸上酸甜的tomatilla酱汁，面皮完美承接了油润荤汁。啊呜一大口，韧劲裹住软糯，酸甜肉汁在嘴中炸开，一大份吃得干干净净 🐑Barbacoa 🌟🌟✨ 炖的酥烂的羊颈肉视觉效果“绝佳”，肉眼可见的肥油，看着就不是很想吃了，豆泥全泡在油里了。扒开肥油，里面的肉倒是肥瘦筋膜相间，口感软糯，却寡淡无味。腌菜不够酸，没有很好的解腻，玉米饼也平平无奇。 🍧Guanabana 🌟🌟🌟🌟🌟 甜品超好吃！冰凉的释迦果雪葩，牛油果柠檬泡沫轻盈细腻，牛油果味很淡，调味不突兀奇怪，一颗颗西米露小珍珠浸泡于酸甜的柑橘汁中。整体清爽解腻，在大口吃肉后很解腻 . 总体🌟🌟🌟，甜品应该都很好吃，下次来试试brunch ,10,#日常 #美食日常 #芝加哥美食 #芝加哥生活 #芝加哥旅游 #芝加哥 #芝加哥探店 #墨西哥餐厅 #美国留学日常 #芝加哥玩乐 #芝加哥吃喝玩乐 #美食日记 #美食测评 #探店打卡 #民间食评人大赛 #芝加哥美食探店 @吃货薯 @薯条小助手 #美食荒漠中的人间美味,Tzuco,Mexico,1,1,nan,2024-05-15,5120,453,380,19,芝加哥｜抱着骨头啃🍖吃肉吃到爽 - 小红书,,,long,0.16640625,False,0.0884765625,0.07421875,0.0037109375,Wednesday,False,medium,0.02028397565922921
